Location,Area,Month,Temperature,Humidity,Rainfall,Disease_Risk
Pune,Urban,12,15.2,44.6,44.2,Low
Patna,Urban,10,25.9,46.2,39.4,Low
Mumbai,Urban,12,22.3,58.4,13.2,Low
Mumbai,Urban,12,18.0,46.9,12.9,Low
Pune,Urban,7,24.8,90.9,285.3,High
Lucknow,Urban,7,24.6,75.9,293.7,High
Bengaluru,Urban,12,11.3,63.4,46.4,Low
Ranchi,Urban,7,26.2,85.2,204.0,High
Ranchi,Rural,12,27.8,62.9,36.5,Low
Ranchi,Urban,8,27.0,94.7,297.6,High
Bengaluru,Urban,4,37.7,69.6,48.1,Low
Nagpur,Rural,4,35.5,52.0,109.7,Low
Kolkata,Urban,4,36.7,58.2,89.6,Medium
Nagpur,Rural,6,25.8,94.9,253.2,High
Mumbai,Urban,3,35.2,69.1,50.7,Medium
Chennai,Rural,9,26.0,82.9,400.4,High
Pune,Rural,11,24.8,56.7,28.5,Low
Kolkata,Urban,9,31.3,91.5,181.5,High
Nagpur,Urban,3,31.9,41.9,114.4,Medium
Mumbai,Rural,8,24.2,93.1,378.8,High
Kolkata,Urban,1,14.6,59.4,4.7,Low
Pune,Urban,3,35.6,75.7,19.8,Medium
Nagpur,Rural,4,39.1,67.5,82.8,Medium
Chennai,Rural,8,31.2,80.2,164.3,High
Mumbai,Urban,10,23.1,47.8,113.6,Low
Mumbai,Rural,2,19.8,47.0,29.1,Low
Nagpur,Rural,4,37.2,69.7,22.8,Low
Chennai,Rural,7,27.3,91.3,98.4,High
Pune,Urban,7,29.8,89.6,117.2,High
Patna,Rural,3,32.5,47.0,30.0,Low
Lucknow,Urban,1,22.4,58.2,0.9,Low
Ranchi,Urban,7,27.9,73.8,216.4,Medium
Chennai,Urban,7,26.1,89.2,234.7,High
Patna,Rural,3,29.5,44.4,7.0,Low
Mumbai,Rural,1,11.0,55.5,55.2,Low
Mumbai,Urban,3,27.9,37.9,103.4,Low
Nagpur,Urban,10,28.3,69.8,75.5,Medium
Patna,Rural,5,29.7,65.8,28.6,Medium
Kolkata,Rural,6,31.4,93.3,83.2,High
Nagpur,Urban,2,20.2,56.8,7.9,Low
Pune,Urban,6,26.3,79.8,264.7,High
Patna,Urban,11,31.4,57.0,119.4,Medium
Delhi,Rural,2,26.9,66.9,9.3,Low
Ranchi,Rural,4,35.9,71.7,60.6,Medium
Mumbai,Urban,11,25.9,56.1,0.6,Low
Kolkata,Urban,12,18.4,65.3,33.7,Low
Delhi,Urban,6,28.7,72.0,123.3,High
Mumbai,Rural,4,35.9,63.7,42.4,Low
Chennai,Urban,4,38.2,77.0,97.3,Medium
Mumbai,Urban,12,27.6,68.6,24.7,Low
Ranchi,Rural,3,37.2,39.6,104.7,Low
Ranchi,Urban,8,26.8,90.2,376.2,High
Ranchi,Rural,6,26.2,69.9,342.9,High
Patna,Rural,11,33.7,66.4,169.1,Medium
Kolkata,Urban,10,33.5,55.6,19.5,Medium
Bengaluru,Rural,10,33.8,49.6,161.9,Medium
Mumbai,Rural,1,19.9,69.7,41.2,Low
Ranchi,Rural,7,24.6,85.9,192.3,High
Pune,Rural,9,26.5,79.0,216.8,Medium
Delhi,Urban,7,29.3,78.2,334.4,High
Nagpur,Rural,7,28.4,68.0,177.6,High
Nagpur,Rural,8,27.5,86.2,253.8,High
Delhi,Urban,5,33.7,62.2,40.2,Medium
Ranchi,Rural,4,37.5,41.3,5.5,Low
Nagpur,Urban,8,27.3,85.0,146.1,High
Lucknow,Rural,4,28.9,64.6,107.1,Medium
Pune,Rural,4,29.3,76.2,62.2,Low
Ranchi,Urban,8,25.1,80.5,260.6,High
Bengaluru,Rural,10,31.4,80.7,76.8,High
Lucknow,Urban,12,26.4,54.4,45.1,Low
Kolkata,Rural,11,23.3,62.6,128.4,Low
Bengaluru,Rural,9,24.6,72.1,210.2,Medium
Ranchi,Urban,7,27.3,82.7,221.4,High
Chennai,Rural,10,33.2,45.8,158.5,Medium
Lucknow,Urban,6,26.4,78.5,383.2,High
Patna,Urban,8,25.8,79.8,89.9,Medium
Chennai,Urban,8,31.4,94.5,261.6,High
Nagpur,Urban,2,22.2,40.8,27.7,Low
Chennai,Rural,4,32.9,49.5,105.6,Low
Chennai,Rural,2,18.9,67.2,3.1,Low
Ranchi,Urban,11,20.6,46.2,44.5,Low
Nagpur,Urban,4,28.6,63.8,67.7,Low
Kolkata,Rural,3,34.9,76.4,86.2,Medium
Delhi,Rural,2,21.0,74.9,34.5,Low
Chennai,Rural,12,13.8,60.5,49.8,Low
Kolkata,Urban,10,31.0,58.9,77.1,Medium
Patna,Rural,1,26.1,70.4,6.3,Medium
Lucknow,Urban,7,25.4,82.1,301.2,High
Patna,Rural,8,27.5,87.7,171.3,High
Pune,Rural,8,26.0,80.5,287.5,High
Mumbai,Rural,6,25.5,73.7,351.3,High
Nagpur,Rural,9,24.1,93.6,109.1,High
Lucknow,Urban,12,19.0,65.6,26.9,Low
Kolkata,Urban,7,29.5,76.3,277.7,High
Patna,Rural,7,32.0,82.9,199.6,High
Kolkata,Rural,4,28.6,43.3,14.3,Low
Delhi,Urban,4,36.6,46.9,70.8,Low
Nagpur,Rural,2,25.8,47.7,21.7,Low
Patna,Urban,5,27.6,37.3,35.1,Low
Lucknow,Urban,1,20.9,55.2,26.4,Low
Mumbai,Rural,8,24.9,69.8,247.2,High
Mumbai,Urban,3,37.5,75.8,10.2,Low
Patna,Rural,10,28.3,69.7,139.6,Medium
Lucknow,Rural,10,33.9,57.2,111.8,Medium
Pune,Urban,11,23.0,71.4,28.3,Low
Pune,Urban,1,17.8,64.6,28.2,Low
Kolkata,Rural,12,26.3,38.1,14.0,Low
Nagpur,Urban,7,24.9,74.1,130.7,Medium
Delhi,Urban,1,13.2,48.2,44.9,Low
Kolkata,Rural,2,18.9,48.1,24.2,Low
Patna,Rural,8,24.6,69.1,226.9,Medium
Kolkata,Urban,2,14.3,64.0,51.6,Low
Mumbai,Rural,10,20.6,75.3,84.7,Medium
Kolkata,Urban,10,26.1,77.6,174.4,Medium
Chennai,Rural,6,29.4,91.2,192.1,High
Kolkata,Rural,9,24.3,70.4,165.8,Medium
Chennai,Urban,11,32.2,63.5,9.8,Low
Nagpur,Rural,11,26.2,47.1,48.1,Low
Kolkata,Rural,12,19.2,36.2,37.8,Low
Delhi,Rural,9,24.1,79.0,156.4,High
Pune,Rural,2,22.3,41.6,56.0,Low
Kolkata,Rural,8,31.8,74.6,267.4,High
Nagpur,Urban,2,15.2,69.0,24.9,Low
Patna,Rural,1,15.4,47.8,35.2,Low
Lucknow,Urban,8,28.3,77.3,267.7,High
Lucknow,Rural,4,39.8,45.3,46.0,Low
Chennai,Urban,6,30.0,87.0,355.9,High
Delhi,Rural,1,12.4,76.5,19.9,Low
Lucknow,Urban,9,31.3,68.4,129.0,High
Delhi,Urban,8,30.3,75.2,291.9,High
Pune,Rural,11,32.0,60.2,57.0,Medium
Lucknow,Urban,10,21.0,70.2,165.8,Medium
Pune,Rural,2,24.4,65.3,6.0,Low
Kolkata,Urban,1,16.2,37.4,21.5,Low
Ranchi,Rural,10,29.5,52.2,31.5,Medium
Chennai,Urban,8,31.3,71.9,236.8,High
Kolkata,Urban,8,31.2,86.3,133.7,High
Bengaluru,Rural,11,33.5,72.6,82.2,Medium
Chennai,Rural,2,14.5,59.6,34.5,Low
Kolkata,Urban,11,25.5,45.3,155.7,Low
Mumbai,Rural,5,37.1,44.9,96.2,Low
Ranchi,Rural,11,30.6,75.7,122.6,Medium
Pune,Urban,5,37.3,36.4,43.8,Low
Kolkata,Rural,12,17.9,43.6,47.2,Low
Bengaluru,Rural,3,30.3,70.5,57.8,Medium
Bengaluru,Urban,8,31.7,71.8,408.6,High
Chennai,Rural,2,25.0,35.6,32.2,Low
Kolkata,Rural,11,33.2,49.3,42.1,Low
Patna,Rural,10,23.1,47.5,148.3,Medium
Kolkata,Rural,2,12.7,75.7,18.3,Low
Pune,Urban,9,25.1,80.2,308.0,High
Patna,Rural,10,30.4,51.2,74.7,Medium
Lucknow,Rural,5,27.4,50.9,53.2,Medium
Bengaluru,Urban,11,25.1,81.1,116.1,Medium
Kolkata,Urban,2,28.0,70.4,5.5,Low
Nagpur,Urban,1,24.9,45.5,7.6,Low
Pune,Urban,10,23.0,79.8,59.1,Medium
Nagpur,Urban,5,38.2,41.2,15.6,Low
Delhi,Urban,11,32.1,50.3,64.5,Medium
Nagpur,Rural,1,13.3,37.3,44.5,Low
Pune,Rural,8,30.2,81.9,117.1,High
Nagpur,Urban,12,24.9,72.3,31.3,Low
Mumbai,Urban,8,30.8,79.5,116.7,High
Lucknow,Urban,2,16.1,41.4,7.6,Low
Nagpur,Rural,7,32.0,82.3,234.3,High
Pune,Urban,11,29.1,75.8,129.8,Medium
Lucknow,Urban,7,26.7,80.2,221.4,High
Chennai,Rural,11,23.6,83.1,123.6,Medium
Pune,Urban,2,18.2,67.0,22.4,Low
Mumbai,Rural,11,21.7,59.1,119.8,Low
Mumbai,Rural,10,24.4,49.1,91.3,Low
Lucknow,Urban,2,16.7,58.9,6.9,Low
Ranchi,Rural,9,31.8,90.1,288.6,High
Mumbai,Rural,1,13.4,65.2,18.5,Low
Mumbai,Urban,3,34.4,52.2,17.0,Low
Mumbai,Urban,12,20.1,51.2,27.2,Low
Kolkata,Rural,10,28.3,80.3,28.0,Medium
Mumbai,Urban,5,32.8,53.2,72.8,Medium
Ranchi,Urban,6,27.4,75.6,310.7,High
Kolkata,Urban,4,32.1,60.8,0.9,Low
Ranchi,Urban,5,30.8,40.2,59.7,Medium
Delhi,Rural,9,29.6,81.5,363.3,High
Pune,Rural,12,10.8,35.8,55.3,Low
Nagpur,Rural,10,25.7,70.6,52.1,Medium
Bengaluru,Urban,10,26.4,72.6,65.1,Medium
Pune,Urban,7,28.7,82.1,214.6,High
Bengaluru,Urban,6,30.2,70.1,295.3,High
Ranchi,Rural,6,29.8,90.1,357.1,High
Delhi,Rural,4,29.3,41.6,91.1,Low
Lucknow,Rural,10,30.6,63.0,166.3,Medium
Nagpur,Rural,11,24.4,62.6,84.4,Low
Kolkata,Urban,6,28.1,76.4,233.7,High
Kolkata,Urban,11,32.1,79.2,110.7,Medium
Lucknow,Urban,8,31.3,83.4,144.0,High
Patna,Urban,1,18.6,69.9,50.2,Medium
Pune,Urban,1,14.7,53.8,26.4,Low
Delhi,Rural,6,31.3,78.5,343.3,High
Mumbai,Rural,2,16.3,59.0,23.2,Low
Nagpur,Urban,6,24.7,85.9,391.7,High
Chennai,Urban,10,29.9,48.4,100.6,Medium
Bengaluru,Urban,11,29.8,82.9,179.5,High
Pune,Rural,9,26.9,77.8,141.3,Medium
Lucknow,Urban,4,40.0,41.7,35.5,Low
Patna,Urban,11,24.7,75.7,23.6,Low
Delhi,Urban,12,24.7,69.8,9.9,Low
Chennai,Rural,11,30.1,83.8,109.9,Medium
Lucknow,Urban,9,25.9,94.1,346.7,High
Ranchi,Rural,11,33.3,84.4,83.1,Medium
Chennai,Rural,3,37.6,69.5,16.6,Low
Lucknow,Rural,9,31.5,87.2,255.4,High
Pune,Urban,5,32.8,57.1,99.7,Medium
Ranchi,Rural,6,31.4,79.2,214.8,High
Chennai,Urban,6,25.8,76.6,113.7,Medium
Bengaluru,Urban,3,27.5,74.4,56.7,Medium
Lucknow,Rural,10,20.1,48.2,46.1,Low
Patna,Rural,2,24.7,45.2,7.3,Low
Nagpur,Rural,2,12.1,73.9,35.8,Low
Patna,Urban,12,12.7,53.5,36.9,Low
Chennai,Urban,11,29.4,65.9,64.9,Medium
Patna,Urban,7,31.0,69.2,211.5,High
Mumbai,Rural,2,16.6,66.5,37.7,Low
Bengaluru,Urban,1,16.7,49.6,38.6,Low
Lucknow,Rural,11,22.6,50.4,128.9,Medium
Mumbai,Rural,4,27.6,43.6,5.0,Low
Patna,Rural,9,27.8,69.0,299.9,High
Mumbai,Rural,5,28.6,50.8,106.7,Medium
Chennai,Rural,3,33.5,56.4,110.9,Medium
Pune,Rural,2,18.2,77.8,10.8,Low
Pune,Urban,6,29.3,76.3,284.9,High
Lucknow,Rural,8,24.3,91.5,199.9,High
Kolkata,Urban,2,22.8,52.5,30.8,Low
Delhi,Urban,3,38.0,64.2,52.6,Low
Ranchi,Rural,6,27.1,83.3,285.7,High
Bengaluru,Rural,8,30.1,83.5,260.0,High
Kolkata,Urban,2,10.5,43.0,31.1,Low
Pune,Rural,5,36.2,44.2,73.4,Medium
Lucknow,Urban,2,12.6,38.2,10.4,Low
Pune,Rural,11,24.9,47.6,97.6,Low
Delhi,Urban,6,28.1,71.3,148.3,High
Lucknow,Urban,6,28.4,78.0,353.2,High
Nagpur,Urban,2,15.9,78.0,43.1,Low
Chennai,Urban,3,39.6,62.6,54.0,Medium
Bengaluru,Urban,9,29.1,72.9,408.5,High
Mumbai,Urban,9,25.2,72.4,189.7,High
Bengaluru,Rural,2,14.8,62.3,33.1,Low
Kolkata,Urban,9,29.1,84.0,277.4,High
Nagpur,Rural,10,20.6,79.6,14.6,Medium
Nagpur,Rural,11,23.0,67.9,111.3,Low
Patna,Rural,11,33.4,64.3,144.8,Medium
Kolkata,Rural,2,23.1,41.8,24.9,Low
Bengaluru,Urban,6,30.9,76.6,415.9,High
Chennai,Urban,6,28.1,70.9,162.2,High
Lucknow,Urban,3,28.3,47.5,46.1,Low
Ranchi,Urban,6,31.5,87.5,144.5,High
Patna,Rural,8,31.0,81.4,110.6,High
Lucknow,Urban,4,34.6,37.1,33.8,Low
Lucknow,Rural,9,24.1,70.9,125.5,Medium
Bengaluru,Rural,6,24.4,69.4,271.0,High
Kolkata,Urban,7,28.0,88.6,175.1,High
Nagpur,Urban,3,39.7,51.9,95.4,Low
Bengaluru,Urban,4,34.8,52.3,4.8,Low
Bengaluru,Rural,9,27.7,84.4,255.3,High
Nagpur,Rural,3,32.1,61.5,101.1,Medium
Patna,Rural,12,20.7,55.4,1.0,Low
Pune,Rural,10,24.3,81.0,157.0,High
Nagpur,Rural,5,39.6,68.7,93.1,Medium
Mumbai,Rural,3,33.8,66.0,93.0,Medium
Ranchi,Urban,10,33.3,49.4,3.4,Low
Delhi,Rural,12,13.9,56.6,36.7,Low
Mumbai,Urban,9,25.7,76.8,305.2,High
Bengaluru,Urban,8,31.3,77.2,200.5,High
Kolkata,Rural,4,39.4,47.0,35.8,Low
Kolkata,Rural,12,13.9,65.3,19.0,Low
Kolkata,Rural,2,20.9,58.4,53.7,Low
Bengaluru,Urban,5,27.5,76.1,9.5,Medium
Kolkata,Rural,4,29.6,58.2,112.0,Medium
Delhi,Urban,10,30.4,54.6,9.1,Medium
Ranchi,Urban,1,11.9,49.2,28.3,Low
Delhi,Urban,9,31.8,72.3,302.0,High
Lucknow,Rural,11,22.8,83.6,57.8,Medium
Pune,Urban,9,29.9,91.0,92.7,High
Chennai,Urban,1,28.9,52.1,29.7,Medium
Kolkata,Urban,1,15.7,60.9,55.7,Low
Lucknow,Rural,3,38.1,55.1,23.1,Low
Delhi,Rural,11,23.6,52.4,132.6,Medium
Nagpur,Urban,3,34.9,62.5,48.7,Low
Bengaluru,Urban,7,29.4,73.0,127.8,High
Ranchi,Urban,5,32.0,54.2,32.0,Low
Nagpur,Urban,5,35.5,64.8,7.5,Low
Kolkata,Urban,7,29.5,92.9,381.9,High
Pune,Rural,6,28.9,73.9,125.4,High
Nagpur,Rural,7,29.6,92.6,337.5,High
Ranchi,Urban,11,30.6,79.9,14.7,Medium
Bengaluru,Urban,10,21.6,78.2,162.5,Medium
Patna,Urban,3,31.3,57.4,13.9,Low
Nagpur,Rural,2,27.1,54.2,3.3,Low
Chennai,Rural,10,20.8,63.5,145.2,Medium
Chennai,Rural,1,24.2,59.9,2.7,Low
Pune,Urban,2,28.7,55.3,17.2,Low
Delhi,Rural,6,31.9,78.3,375.7,High
Chennai,Urban,11,33.5,80.0,23.9,Medium
Pune,Urban,9,27.1,71.4,412.8,High
Mumbai,Rural,8,29.4,82.7,260.9,High
Ranchi,Rural,6,25.2,73.1,377.6,High
Mumbai,Rural,10,30.7,80.4,2.8,Medium
Pune,Urban,8,28.8,87.0,96.5,High
Chennai,Rural,4,34.0,67.4,93.1,Medium
Kolkata,Urban,12,20.9,59.8,46.4,Low
Ranchi,Rural,3,39.8,57.4,49.6,Low
Patna,Urban,11,29.5,67.2,8.4,Low
Chennai,Rural,12,17.9,41.4,22.6,Low
Lucknow,Urban,4,30.9,65.4,96.7,Medium
Patna,Rural,7,28.5,71.6,162.6,High
Pune,Rural,6,24.7,87.6,144.8,High
Nagpur,Urban,2,13.6,67.8,43.5,Low
Lucknow,Urban,6,26.4,92.5,152.0,High
Pune,Rural,4,36.0,65.3,47.6,Low
Bengaluru,Rural,7,27.7,85.5,184.9,High
Lucknow,Rural,2,25.3,66.1,45.7,Low
Ranchi,Rural,6,27.3,83.2,155.2,High
Kolkata,Rural,5,29.0,49.2,45.6,Low
Lucknow,Rural,5,36.9,56.0,86.8,Medium
Lucknow,Urban,12,25.1,42.3,43.2,Low
Patna,Urban,9,24.3,90.9,401.4,High
Mumbai,Rural,3,38.0,45.0,84.9,Low
Patna,Rural,6,24.5,85.2,397.5,High
Lucknow,Urban,1,20.1,52.7,1.0,Low
Patna,Rural,1,19.5,65.0,25.8,Low
Delhi,Urban,2,20.0,45.4,37.2,Low
Bengaluru,Rural,7,24.6,93.9,236.1,High
Ranchi,Rural,11,31.6,48.2,178.5,Medium
Mumbai,Urban,7,27.0,82.9,99.1,Medium
Delhi,Urban,8,30.8,85.4,192.6,High
Pune,Urban,4,29.7,72.3,106.5,Medium
Mumbai,Urban,11,33.0,81.0,101.4,Medium
Bengaluru,Urban,4,34.6,67.3,85.5,Medium
Pune,Rural,3,34.3,59.4,101.9,Medium
Patna,Rural,7,30.0,71.8,416.1,High
Patna,Rural,1,11.9,45.0,4.6,Low
Nagpur,Rural,6,24.2,75.4,417.5,High
Bengaluru,Rural,7,25.5,83.8,209.2,High
Kolkata,Urban,12,11.4,46.5,22.8,Low
Delhi,Rural,6,26.9,70.5,400.6,High
Kolkata,Urban,3,28.1,53.5,66.8,Medium
Pune,Urban,2,16.7,39.0,35.9,Low
Chennai,Urban,5,32.4,68.5,87.0,Medium
Ranchi,Urban,11,25.3,50.6,54.2,Low
Pune,Urban,7,26.2,76.1,346.1,High
Ranchi,Rural,10,28.6,63.3,24.4,Low
Chennai,Rural,10,25.3,79.5,79.2,Medium
Nagpur,Urban,5,31.2,75.7,24.1,Medium
Chennai,Rural,5,36.6,62.2,116.1,Medium
Bengaluru,Rural,5,37.6,51.9,13.7,Medium
Nagpur,Urban,11,30.7,46.1,130.9,Medium
Ranchi,Rural,5,37.8,38.0,101.7,Medium
Lucknow,Urban,11,24.2,55.1,27.7,Low
Chennai,Urban,8,31.9,80.9,216.3,High
Chennai,Urban,6,29.6,89.9,281.9,High
Pune,Urban,11,29.3,51.7,110.3,Medium
Chennai,Rural,7,24.8,70.7,155.5,High
Patna,Urban,8,27.0,80.5,311.0,High
Delhi,Rural,1,19.2,47.7,55.2,Low
Delhi,Rural,5,31.5,68.7,62.5,Medium
Pune,Rural,12,23.2,48.7,18.0,Low
Pune,Urban,6,29.2,86.3,135.9,High
Ranchi,Urban,9,25.3,83.1,405.9,High
Chennai,Urban,3,35.3,53.6,3.5,Low
Ranchi,Rural,10,26.0,45.2,38.7,Low
Pune,Urban,9,25.5,76.8,235.6,Medium
Lucknow,Rural,10,25.4,60.7,20.6,Low
Lucknow,Urban,11,29.9,56.9,110.6,Low
Delhi,Rural,2,14.5,40.0,22.4,Low
Chennai,Rural,10,21.9,60.3,33.4,Low
Delhi,Urban,8,26.3,73.1,366.3,High
Bengaluru,Urban,8,25.1,90.0,407.7,High
Lucknow,Rural,11,26.9,73.4,79.9,Low
Nagpur,Urban,4,30.8,46.8,64.5,Low
Lucknow,Rural,9,28.1,83.5,171.1,High
Bengaluru,Urban,12,18.4,44.4,25.5,Low
Ranchi,Rural,1,18.5,50.0,49.0,Low
Pune,Urban,4,37.5,60.3,42.1,Low
Chennai,Urban,10,21.9,53.3,37.2,Low
Bengaluru,Rural,10,27.5,57.9,126.7,Medium
Kolkata,Urban,3,39.5,68.8,110.3,Medium
Delhi,Urban,4,28.9,48.9,29.7,Low
Chennai,Rural,3,34.5,46.6,49.7,Low
Pune,Rural,9,30.0,86.8,378.3,High
Lucknow,Rural,10,20.0,76.0,131.9,Medium
Lucknow,Rural,2,25.1,52.1,58.1,Low
Lucknow,Rural,6,30.6,77.1,276.5,High
Lucknow,Rural,11,30.7,46.8,112.7,Low
Mumbai,Urban,3,32.7,35.0,115.0,Low
Delhi,Rural,3,38.4,72.7,11.2,Low
Pune,Rural,11,32.7,51.6,71.3,Low
Ranchi,Rural,11,21.3,48.8,38.4,Low
Nagpur,Urban,9,29.4,68.3,316.5,High
Chennai,Urban,8,24.6,78.3,328.5,High
Bengaluru,Rural,5,28.8,68.3,90.4,Medium
Delhi,Urban,9,28.5,84.5,135.8,High
Ranchi,Urban,7,28.9,79.9,153.9,High
Delhi,Urban,10,30.2,59.1,77.3,Medium
Ranchi,Rural,11,21.2,67.1,108.0,Low
Mumbai,Rural,4,33.7,56.9,89.7,Low
Mumbai,Urban,8,27.1,74.5,296.9,High
Mumbai,Rural,6,25.1,91.2,273.2,High
Delhi,Rural,2,10.3,37.9,15.7,Low
Mumbai,Rural,9,26.3,87.2,340.8,High
Chennai,Urban,11,27.5,69.6,49.9,Low
Patna,Urban,3,34.0,51.8,76.1,Medium
Pune,Rural,12,18.3,76.0,14.3,Low
Chennai,Urban,8,28.9,69.5,306.5,High
Delhi,Urban,1,23.5,65.2,9.8,Medium
Patna,Rural,3,31.8,67.2,104.8,Medium
Pune,Urban,6,30.5,75.3,101.7,High
Nagpur,Urban,8,27.6,77.7,249.9,High
Bengaluru,Urban,5,37.1,73.5,80.9,Medium
Patna,Urban,1,26.3,35.5,2.8,Low
Delhi,Urban,1,20.5,74.3,44.4,Low
Bengaluru,Urban,7,31.3,76.6,360.8,High
Pune,Urban,3,29.9,57.2,5.5,Low
Lucknow,Rural,5,31.3,58.8,1.0,Low
Nagpur,Rural,12,21.8,54.9,35.5,Low
Ranchi,Urban,3,27.1,52.6,28.0,Low
Mumbai,Rural,1,24.4,51.2,44.3,Low
Ranchi,Urban,7,27.9,69.6,419.0,High
Pune,Urban,4,38.7,57.3,84.1,Low
Pune,Urban,9,25.1,90.1,105.4,High
Chennai,Urban,4,30.8,71.6,111.1,Medium
Bengaluru,Rural,8,26.2,70.0,148.9,High
Nagpur,Urban,3,28.4,54.3,37.7,Low
Bengaluru,Urban,8,26.5,75.2,120.8,Medium
Kolkata,Urban,4,37.9,49.1,10.9,Low
Bengaluru,Rural,9,24.4,76.1,358.8,High
Chennai,Rural,9,30.0,74.7,237.1,High
Delhi,Urban,1,11.2,68.6,13.3,Low
Chennai,Rural,11,28.8,70.8,104.8,Medium
Pune,Urban,2,13.8,62.8,48.6,Low
Bengaluru,Urban,1,27.9,37.2,55.4,Low
Chennai,Rural,1,17.3,53.3,21.2,Low
Kolkata,Rural,8,31.1,68.9,290.5,High
Kolkata,Rural,7,31.1,80.9,109.8,High
Chennai,Urban,11,32.4,66.0,113.5,Medium
Mumbai,Rural,12,16.8,58.4,29.1,Low
Patna,Rural,7,26.2,68.7,283.0,Medium
Kolkata,Urban,8,28.2,88.7,419.9,High
Pune,Urban,11,23.4,66.3,142.4,Medium
Ranchi,Rural,6,31.5,94.8,139.1,High
Bengaluru,Rural,10,20.4,73.0,170.6,Medium
Nagpur,Urban,8,28.3,72.7,92.9,Medium
Nagpur,Urban,1,20.0,35.0,55.1,Low
Delhi,Rural,12,13.4,69.5,52.1,Low
Delhi,Urban,2,26.1,72.0,57.6,Low
Chennai,Urban,6,26.4,71.7,133.6,High
Lucknow,Rural,3,36.2,59.2,106.8,Medium
Bengaluru,Urban,11,28.2,52.0,55.2,Medium
Delhi,Urban,12,10.0,65.2,34.4,Low
Nagpur,Urban,3,34.8,74.6,116.1,Medium
Nagpur,Urban,8,25.1,88.1,160.9,High
Delhi,Urban,12,22.7,66.4,20.1,Low
Ranchi,Urban,12,11.3,46.0,6.5,Low
Chennai,Rural,12,18.0,42.2,24.8,Low
Bengaluru,Rural,2,25.7,68.9,34.7,Low
Ranchi,Urban,8,24.6,90.8,180.3,High
Pune,Urban,6,25.4,78.1,328.9,High
Pune,Rural,10,33.8,80.7,126.8,High
Delhi,Rural,3,27.7,49.2,116.9,Low
Patna,Rural,11,23.9,54.5,8.9,Low
Lucknow,Urban,1,16.9,53.4,17.7,Low
Nagpur,Rural,4,28.3,43.9,76.6,Medium
Lucknow,Urban,5,37.2,55.3,107.4,Medium
Patna,Rural,3,31.8,51.4,22.4,Low
Lucknow,Rural,5,29.9,46.5,7.4,Low
Pune,Urban,11,24.8,66.7,174.7,Medium
Patna,Urban,7,30.5,79.3,262.1,High
Lucknow,Urban,8,26.4,78.7,370.3,High
Nagpur,Urban,2,28.0,54.3,56.9,Low
Ranchi,Urban,3,27.6,38.4,82.0,Low
Delhi,Rural,6,31.3,92.7,102.8,High
Chennai,Rural,5,33.8,74.4,1.5,Medium
Nagpur,Rural,2,17.9,41.4,35.3,Low
Pune,Urban,10,30.9,76.4,156.1,High
Chennai,Rural,7,29.2,83.4,240.8,High
Chennai,Urban,10,28.5,72.7,7.0,Medium
Bengaluru,Urban,1,24.2,74.6,53.8,Low
Kolkata,Rural,5,38.0,71.9,82.2,High
Ranchi,Urban,5,39.7,54.1,99.1,Medium
Chennai,Urban,4,32.7,74.3,48.9,Medium
Patna,Rural,1,19.8,41.8,18.7,Low
Delhi,Urban,3,29.5,70.8,100.4,Medium
Lucknow,Urban,6,29.6,75.4,360.0,High
Pune,Urban,4,31.8,60.5,21.3,Medium
Nagpur,Rural,6,25.3,92.2,334.6,High
Kolkata,Urban,7,24.4,91.1,345.1,High
Ranchi,Urban,11,22.9,71.1,92.4,Medium
Mumbai,Rural,3,35.4,60.8,1.0,Low
Kolkata,Rural,7,31.2,91.0,236.1,High
Kolkata,Rural,10,21.4,65.5,119.2,Medium
Bengaluru,Rural,5,35.9,55.7,40.4,Low
Bengaluru,Rural,5,35.5,75.9,78.2,Medium
Patna,Urban,1,25.3,69.5,36.0,Low
Delhi,Urban,11,27.0,56.8,163.2,Medium
Mumbai,Urban,6,29.8,74.0,261.8,High
Bengaluru,Rural,3,37.9,72.7,21.7,Low
Delhi,Rural,12,25.4,67.8,11.0,Low
Bengaluru,Urban,4,31.6,67.0,36.9,Medium
Bengaluru,Rural,5,34.6,54.9,14.1,Low
Nagpur,Urban,8,31.1,81.5,374.9,High
Kolkata,Rural,1,26.5,41.5,59.5,Low
Nagpur,Rural,3,31.1,65.8,93.5,Medium
Delhi,Rural,11,20.8,63.1,37.7,Low
Nagpur,Urban,8,30.3,89.1,124.0,High
Chennai,Rural,7,31.7,78.3,92.8,Medium
Bengaluru,Urban,6,30.1,82.3,86.1,High
Ranchi,Urban,12,26.7,48.4,6.2,Low
Kolkata,Urban,2,25.7,47.8,17.4,Low
Nagpur,Rural,7,31.1,94.9,196.5,High
Bengaluru,Urban,3,39.3,74.5,48.4,Low
Delhi,Urban,12,10.4,56.7,7.4,Low
Mumbai,Rural,11,23.6,66.4,8.7,Medium
Pune,Urban,1,23.1,52.9,22.8,Low
Lucknow,Urban,4,36.0,62.1,36.1,Low
Patna,Rural,10,28.5,50.5,149.5,Medium
Nagpur,Urban,5,28.5,39.6,23.8,Low
Kolkata,Urban,6,29.6,76.0,93.4,High
Ranchi,Rural,6,25.9,68.3,110.3,Medium
Nagpur,Rural,3,39.3,68.5,9.0,Medium
Kolkata,Urban,8,31.9,76.0,237.9,High
Delhi,Urban,5,31.7,64.1,51.1,Medium
Mumbai,Urban,3,35.6,42.3,42.9,Low
Nagpur,Rural,12,11.8,70.0,11.0,Low
Lucknow,Rural,7,29.5,80.9,223.4,High
Delhi,Urban,3,36.1,37.5,113.1,Low
Chennai,Rural,10,29.5,52.3,68.4,Medium
Mumbai,Urban,8,31.4,71.0,219.8,High
Kolkata,Rural,1,23.4,64.2,46.1,Low
Nagpur,Urban,11,32.2,65.8,123.9,Medium
Chennai,Urban,8,26.8,86.3,210.9,High
Patna,Urban,1,22.2,41.7,50.9,Low
Delhi,Urban,8,26.6,76.9,174.6,High
Patna,Rural,7,30.5,70.1,231.0,High
Pune,Rural,8,26.5,94.5,333.4,High
Chennai,Rural,1,20.6,35.0,5.5,Low
Nagpur,Rural,9,28.5,85.7,235.1,High
Mumbai,Urban,8,26.7,88.7,284.0,High
Bengaluru,Rural,2,11.9,63.3,0.1,Low
Kolkata,Rural,12,12.0,73.6,29.5,Low
Chennai,Urban,5,34.9,43.1,111.6,Medium
Lucknow,Urban,12,16.4,67.6,2.8,Low
Nagpur,Urban,8,27.7,83.9,251.4,High
Mumbai,Urban,9,31.5,90.6,244.2,High
Delhi,Urban,12,25.5,39.5,39.5,Low
Bengaluru,Rural,7,31.8,92.7,339.2,High
Bengaluru,Rural,8,30.4,71.7,284.9,High
Patna,Rural,12,20.4,48.5,44.2,Low
Ranchi,Urban,4,35.1,47.5,41.4,Low
Delhi,Rural,12,12.2,50.1,28.8,Low
Chennai,Rural,7,30.5,82.1,88.6,High
Mumbai,Urban,5,36.8,41.9,34.4,Low
Mumbai,Rural,4,36.8,36.4,97.7,Low
Patna,Urban,12,22.3,51.7,30.7,Low
Kolkata,Urban,7,27.1,93.8,411.8,High
Patna,Urban,1,24.1,43.7,52.1,Low
Lucknow,Urban,11,29.9,70.9,135.9,Medium
Nagpur,Urban,12,28.3,47.6,10.6,Low
Delhi,Urban,12,19.8,51.2,25.7,Low
Delhi,Urban,10,31.8,45.2,83.9,Medium
Mumbai,Urban,6,28.8,88.9,292.6,High
Kolkata,Rural,10,27.7,47.9,127.4,Medium
Delhi,Urban,9,25.3,82.7,217.2,High
Ranchi,Rural,6,26.9,73.9,335.9,High
Patna,Urban,2,22.7,54.2,54.3,Low
Nagpur,Urban,1,23.0,48.8,55.0,Low
Chennai,Rural,9,29.8,68.7,255.7,High
Patna,Rural,8,24.4,92.3,145.5,High
Pune,Urban,9,28.3,84.9,151.7,High
Ranchi,Rural,2,13.9,70.6,52.7,Low
Chennai,Urban,12,23.0,36.0,43.0,Low
Pune,Urban,3,37.3,59.0,69.0,Low
Kolkata,Rural,7,27.6,78.9,187.6,Medium
Pune,Urban,11,30.1,47.5,134.3,Low
Pune,Rural,9,24.8,89.2,182.5,High
Lucknow,Rural,7,30.6,68.8,133.1,High
Chennai,Rural,11,22.0,72.1,164.6,Medium
Bengaluru,Urban,9,31.0,71.8,94.2,High
Chennai,Urban,5,29.7,66.9,87.1,Medium
Patna,Urban,3,29.4,61.5,30.3,Low
Nagpur,Urban,9,27.7,82.8,178.8,High
Pune,Urban,12,21.0,75.9,21.4,Low
Ranchi,Urban,5,35.1,73.7,38.1,Medium
Nagpur,Rural,12,21.1,59.3,21.9,Low
Chennai,Urban,1,16.0,68.8,42.7,Low
Kolkata,Rural,3,35.8,49.3,57.6,Low
Kolkata,Rural,9,24.9,85.4,107.9,Medium
Delhi,Urban,5,36.5,61.9,87.3,Medium
Patna,Urban,10,28.1,75.8,38.3,Medium
Kolkata,Rural,11,30.9,59.6,40.2,Low
Kolkata,Urban,8,28.0,70.4,203.7,High
Ranchi,Urban,9,25.1,72.3,272.6,High
Delhi,Rural,6,24.3,88.6,158.8,High
Ranchi,Urban,11,22.9,81.3,65.0,Medium
Lucknow,Urban,1,28.6,48.9,42.2,Low
Kolkata,Rural,10,27.6,52.0,117.7,Low
Pune,Rural,7,31.8,74.0,218.0,High
Bengaluru,Rural,8,31.1,68.2,379.9,High
Ranchi,Urban,9,29.1,73.7,143.5,High
Pune,Urban,7,30.5,87.4,243.7,High
Ranchi,Urban,11,31.7,45.9,7.8,Low
Delhi,Urban,11,27.2,80.6,26.4,Low
Delhi,Rural,10,33.6,70.5,158.1,High
Kolkata,Urban,4,32.8,77.7,104.1,Medium
Chennai,Urban,10,31.5,52.3,118.7,Medium
Bengaluru,Rural,10,28.3,54.2,69.4,Medium
Ranchi,Rural,3,34.9,42.6,108.2,Low
Patna,Urban,2,19.2,40.6,36.2,Low
Chennai,Rural,6,31.0,86.8,225.8,High
Lucknow,Rural,6,28.7,88.0,338.9,High
Pune,Rural,3,30.3,67.9,109.2,Medium
Nagpur,Rural,5,29.5,65.5,94.7,Medium
Pune,Urban,7,29.2,86.6,187.4,High
Delhi,Rural,11,28.2,55.5,96.5,Medium
Nagpur,Rural,11,25.6,53.1,99.4,Low
Delhi,Rural,9,28.4,74.9,184.3,High
Chennai,Urban,11,21.7,54.2,141.0,Medium
Pune,Urban,9,27.2,77.1,267.2,High
Mumbai,Urban,7,31.7,68.1,111.0,Medium
Nagpur,Rural,2,11.2,44.5,4.8,Low
Chennai,Rural,10,29.2,56.5,173.4,Medium
Delhi,Rural,8,24.1,91.0,396.5,High
Ranchi,Urban,10,27.1,72.9,110.7,Medium
Bengaluru,Urban,11,20.0,51.3,179.4,Low
Bengaluru,Rural,7,28.7,82.0,330.6,High
Pune,Rural,12,25.8,74.3,20.9,Medium
Kolkata,Urban,10,33.5,63.2,72.7,Medium
Delhi,Rural,9,24.9,70.0,180.0,High
Patna,Rural,9,30.5,83.5,316.0,High
Nagpur,Rural,4,36.8,76.3,55.1,Medium
Nagpur,Urban,8,24.9,69.8,295.4,High
Ranchi,Rural,7,31.6,81.9,83.3,High
Ranchi,Rural,2,17.6,67.2,20.5,Low
Delhi,Rural,6,26.8,92.1,171.5,High
Ranchi,Rural,12,13.8,66.6,52.4,Low
Ranchi,Urban,10,25.0,76.2,21.6,Low
Lucknow,Urban,9,31.7,90.9,206.2,High
Nagpur,Rural,8,25.5,88.6,253.8,High
Nagpur,Urban,1,20.0,53.2,56.4,Low
Bengaluru,Rural,11,30.9,63.3,21.7,Low
Bengaluru,Urban,1,22.8,51.3,6.0,Low
Kolkata,Urban,9,26.1,75.3,405.9,High
Delhi,Rural,7,25.7,86.9,206.6,High
Kolkata,Rural,3,34.4,77.1,82.3,Medium
Kolkata,Urban,9,27.5,78.3,129.6,High
Delhi,Rural,1,13.4,56.5,59.7,Low
Patna,Rural,8,26.4,83.2,273.1,High
Delhi,Urban,4,37.6,55.5,75.6,Medium
Bengaluru,Rural,6,26.9,83.1,355.4,High
Chennai,Urban,6,30.9,94.0,147.6,High
Patna,Urban,5,31.6,63.9,58.5,Medium
Pune,Rural,10,24.0,70.3,26.1,Low
Bengaluru,Rural,11,28.6,61.2,163.3,Low
Bengaluru,Urban,6,26.5,75.9,170.9,High
Kolkata,Rural,6,30.0,82.1,233.1,High
Mumbai,Urban,12,14.5,45.8,44.6,Low
Ranchi,Urban,7,24.8,69.7,378.8,High
Mumbai,Rural,9,30.1,70.2,169.2,High
Chennai,Rural,4,30.2,47.2,75.2,Low
Delhi,Urban,1,22.6,72.0,19.5,Low
Patna,Rural,9,27.6,94.2,317.2,High
Nagpur,Rural,11,30.5,80.1,78.3,Medium
Patna,Rural,6,27.9,74.1,110.4,Medium
Chennai,Rural,3,30.9,35.0,97.8,Low
Bengaluru,Rural,8,28.3,86.6,247.3,High
Kolkata,Urban,7,30.4,84.1,350.9,High
Ranchi,Rural,9,27.5,74.7,323.1,High
Chennai,Urban,5,28.0,61.9,62.0,Medium
Nagpur,Rural,5,35.4,57.9,32.3,Low
Pune,Urban,3,30.8,62.4,74.1,Low
Nagpur,Rural,4,31.2,41.5,116.4,Low
Pune,Rural,5,28.6,53.9,1.0,Low
Mumbai,Rural,4,31.4,48.4,95.9,Medium
Lucknow,Urban,6,24.6,88.3,129.7,High
Chennai,Urban,9,27.8,73.2,366.1,High
Mumbai,Urban,12,14.7,68.2,26.6,Low
Mumbai,Urban,8,29.9,70.5,306.4,High
Chennai,Rural,6,25.3,87.7,333.2,High
Pune,Rural,8,29.1,73.4,381.8,High
Ranchi,Urban,4,35.2,49.0,20.1,Low
Pune,Rural,4,27.1,36.8,94.0,Low
Nagpur,Urban,6,30.2,74.7,250.0,High
Bengaluru,Urban,1,16.8,41.6,32.2,Low
Lucknow,Urban,6,31.9,89.3,337.3,High
Lucknow,Urban,1,23.1,50.4,8.1,Low
Lucknow,Rural,9,26.4,86.8,144.5,High
Bengaluru,Rural,12,18.9,72.3,35.9,Low
Delhi,Urban,9,25.2,76.0,169.5,Medium
Mumbai,Rural,12,13.5,35.8,51.4,Low
Ranchi,Rural,12,11.2,76.6,49.1,Low
Lucknow,Urban,10,24.0,61.4,58.0,Low
Pune,Urban,3,29.3,36.3,12.8,Low
Mumbai,Rural,11,26.9,70.0,106.3,Low
Ranchi,Urban,1,27.7,44.0,29.5,Low
Pune,Rural,11,20.8,67.3,168.9,Low
Bengaluru,Urban,10,23.7,46.6,12.7,Low
Ranchi,Urban,2,23.8,57.9,11.4,Low
Ranchi,Urban,9,30.0,79.2,115.9,High
Bengaluru,Rural,12,22.6,73.0,10.0,Low
Chennai,Rural,11,22.2,84.9,79.7,Low
Bengaluru,Rural,6,27.3,85.1,360.9,High
Ranchi,Urban,7,30.1,93.0,166.4,High
Lucknow,Rural,1,23.8,77.3,35.7,Low
Kolkata,Urban,5,39.8,44.2,37.8,Low
Kolkata,Urban,2,10.7,50.3,8.3,Low
Nagpur,Urban,4,30.3,47.9,68.5,Low
Ranchi,Urban,12,16.2,55.7,29.3,Low
Nagpur,Urban,10,29.0,46.5,145.5,Medium
Mumbai,Rural,6,31.0,79.7,396.3,High
Ranchi,Urban,11,30.9,60.3,54.9,Low
Patna,Urban,6,28.0,74.0,97.2,High
Chennai,Rural,10,28.1,48.6,77.7,Medium
Delhi,Urban,6,24.7,83.4,96.8,High
Pune,Rural,9,27.5,86.8,339.1,High
Ranchi,Rural,7,29.2,73.3,289.4,High
Ranchi,Urban,2,15.1,53.5,41.1,Low
Pune,Rural,7,26.9,73.1,197.1,High
Kolkata,Urban,6,28.9,94.7,230.4,High
Mumbai,Urban,4,35.9,41.7,87.4,Low
Mumbai,Urban,10,33.0,79.8,147.6,Medium
Pune,Rural,8,27.8,77.0,331.6,High
Patna,Rural,9,27.9,87.7,128.1,High
Mumbai,Rural,10,32.7,66.1,46.0,Low
Ranchi,Rural,1,18.8,75.6,4.0,Low
Bengaluru,Urban,1,15.6,73.0,23.2,Low
Patna,Urban,6,27.9,84.1,109.9,Medium
Lucknow,Urban,1,14.7,57.8,20.0,Low
Delhi,Urban,6,29.5,77.6,182.8,High
Patna,Rural,1,21.9,72.8,53.4,Low
Mumbai,Rural,4,29.0,73.6,78.8,Medium
Chennai,Urban,7,25.9,72.1,410.0,High
Bengaluru,Rural,9,25.1,85.6,277.6,High
Ranchi,Urban,5,36.0,73.6,109.1,Medium
Delhi,Urban,6,24.5,82.4,324.6,High
Delhi,Urban,6,31.0,79.2,219.8,High
Kolkata,Urban,4,28.4,42.9,91.5,Low
Kolkata,Urban,10,23.3,72.5,64.7,Medium
Lucknow,Urban,9,30.8,80.7,300.9,High
Chennai,Rural,8,25.1,73.2,91.0,Medium
Mumbai,Rural,7,25.8,86.1,149.0,High
Delhi,Rural,10,26.9,58.0,82.4,Low
Chennai,Urban,10,30.3,60.2,56.3,Medium
Nagpur,Urban,9,24.9,80.3,378.4,High
Ranchi,Rural,12,10.7,51.7,45.9,Low
Ranchi,Rural,8,27.2,76.2,361.4,High
Chennai,Rural,10,32.9,72.6,162.7,Medium
Lucknow,Urban,12,19.5,42.7,35.1,Low
Patna,Urban,7,27.3,80.2,140.8,High
Ranchi,Rural,2,14.8,64.7,54.4,Low
Pune,Urban,2,23.4,62.3,5.1,Low
Patna,Urban,7,28.4,69.2,138.1,High
Delhi,Urban,3,29.3,65.6,50.3,Medium
Lucknow,Rural,11,22.5,80.9,172.9,Low
Kolkata,Urban,8,28.0,81.5,354.5,High
Lucknow,Urban,4,34.7,55.5,49.2,Low
Nagpur,Urban,4,38.5,47.0,75.4,Medium
Ranchi,Urban,3,28.9,63.1,4.4,Medium
Nagpur,Rural,6,31.4,69.3,221.8,High
Kolkata,Urban,8,30.0,77.7,92.2,High
Bengaluru,Rural,7,30.6,88.5,366.7,High
Lucknow,Urban,2,23.2,46.8,31.6,Low
Ranchi,Urban,2,20.9,77.1,31.7,Low
Nagpur,Rural,7,28.9,76.5,258.6,High
Bengaluru,Urban,10,27.9,65.8,113.7,Medium
Delhi,Urban,12,15.5,43.3,7.1,Low
Pune,Urban,10,34.0,61.6,60.1,Medium
Ranchi,Urban,11,22.8,56.3,142.2,Low
Patna,Rural,1,12.2,49.3,23.8,Low
Mumbai,Urban,4,31.3,49.5,80.7,Medium
Mumbai,Urban,8,25.2,80.4,374.2,High
Lucknow,Rural,12,11.1,57.4,33.9,Low
Patna,Urban,4,34.5,49.3,109.9,Medium
Pune,Urban,5,37.9,49.6,45.0,Low
Delhi,Rural,3,34.7,72.2,90.2,Medium
Bengaluru,Urban,5,32.4,56.4,28.5,Medium
Kolkata,Urban,9,26.4,71.0,346.9,High
Pune,Rural,9,24.2,81.0,250.0,High
Lucknow,Rural,6,25.1,91.5,359.5,High
Delhi,Urban,12,10.7,51.7,51.9,Low
Kolkata,Urban,11,31.9,79.9,60.0,Medium
Pune,Rural,1,21.0,48.4,53.5,Low
Ranchi,Rural,5,33.9,68.2,80.5,Medium
Delhi,Rural,2,10.3,61.8,30.8,Low
Bengaluru,Rural,5,28.8,65.3,34.0,Medium
Pune,Rural,10,32.5,66.6,9.1,Low
Mumbai,Urban,7,24.4,79.5,140.9,High
Nagpur,Rural,10,25.0,58.3,35.7,Low
Patna,Urban,8,28.5,70.5,352.8,High
Pune,Rural,5,35.9,65.5,55.8,Medium
Ranchi,Urban,10,23.6,59.5,33.0,Medium
Bengaluru,Rural,8,27.9,69.8,118.4,Medium
Delhi,Rural,6,28.8,71.4,115.0,High
Pune,Rural,9,29.2,89.4,261.1,High
Chennai,Urban,10,23.4,51.4,86.8,Low
Ranchi,Rural,7,28.5,77.2,316.0,High
Pune,Rural,2,21.3,54.9,33.3,Low
Delhi,Rural,7,24.6,70.9,356.8,High
Chennai,Rural,8,29.2,69.7,154.0,High
Nagpur,Urban,3,35.6,54.5,35.0,Low
Lucknow,Urban,4,35.9,48.6,68.4,Medium
Kolkata,Rural,12,28.7,49.8,5.4,Low
Patna,Rural,3,38.1,37.7,108.1,Medium
Mumbai,Rural,2,26.4,72.2,14.1,Low
Chennai,Rural,12,17.3,51.4,32.7,Low
Lucknow,Urban,4,34.2,71.3,43.2,Medium
Kolkata,Urban,3,27.2,62.9,17.3,Low
Chennai,Urban,2,12.6,69.7,51.6,Medium
Nagpur,Rural,10,22.5,65.4,99.4,Low
Bengaluru,Urban,3,32.5,35.3,59.8,Low
Patna,Rural,7,31.4,83.6,91.4,Medium
Lucknow,Rural,2,21.0,76.4,4.8,Low
Patna,Rural,8,28.1,82.1,287.4,High
Pune,Rural,10,20.7,58.7,140.1,Low
Patna,Rural,10,30.3,61.8,172.9,Medium
Kolkata,Urban,1,23.2,60.7,18.2,Low
Kolkata,Urban,11,26.6,51.8,9.3,Low
Nagpur,Urban,5,33.3,40.5,9.2,Low
Kolkata,Urban,10,23.9,79.3,2.6,Low
Delhi,Urban,11,26.3,77.3,47.0,Low
Lucknow,Urban,9,30.9,77.3,108.7,Medium
Delhi,Rural,7,30.2,74.4,229.7,High
Ranchi,Rural,1,22.2,67.5,7.0,Low
Chennai,Rural,5,33.2,75.8,110.7,Medium
Chennai,Rural,5,28.9,72.4,1.4,Medium
Lucknow,Rural,11,24.4,66.2,172.1,Medium
Patna,Rural,7,28.9,85.6,172.7,High
Pune,Rural,11,28.2,63.4,121.6,Medium
Nagpur,Urban,9,26.7,86.6,141.2,High
Mumbai,Urban,1,17.8,57.6,41.1,Low
Kolkata,Rural,4,27.4,61.6,6.8,Low
Ranchi,Urban,12,28.2,38.7,36.3,Low
Nagpur,Urban,2,23.2,45.9,28.0,Low
Lucknow,Rural,7,29.5,86.0,341.8,High
Pune,Rural,1,17.3,49.3,3.6,Low
Kolkata,Urban,8,24.6,94.4,148.2,High
Lucknow,Urban,3,34.0,53.5,73.7,Low
Lucknow,Rural,2,10.7,38.0,43.7,Low
Mumbai,Rural,3,35.5,35.0,4.5,Low
Delhi,Rural,7,28.6,81.9,399.6,High
Chennai,Rural,12,24.8,68.8,32.4,Low
Lucknow,Urban,10,27.5,84.7,60.0,Medium
Mumbai,Urban,6,28.3,93.9,107.4,High
Kolkata,Urban,3,34.2,76.6,79.3,Medium
Chennai,Urban,11,29.6,64.5,159.3,Medium
Ranchi,Urban,1,13.7,65.9,35.6,Low
Pune,Rural,8,28.3,90.5,232.8,High
Mumbai,Rural,1,16.4,66.0,24.3,Low
Patna,Rural,11,32.2,66.5,133.4,Medium
Pune,Urban,12,12.7,63.1,28.3,Low
Mumbai,Urban,12,22.3,35.6,38.0,Low
Pune,Rural,10,22.4,68.6,147.2,Medium
Lucknow,Urban,2,25.3,53.3,48.7,Low
Chennai,Rural,2,28.5,59.8,8.2,Low
Ranchi,Urban,10,22.4,47.5,49.3,Low
Delhi,Rural,9,25.3,74.6,277.9,High
Nagpur,Rural,3,27.2,55.9,0.8,Low
Pune,Rural,7,29.5,89.4,241.8,High
Delhi,Rural,9,27.6,74.5,139.3,High
Nagpur,Urban,12,19.5,75.9,37.6,Low
Bengaluru,Rural,1,20.6,43.3,59.2,Low
Nagpur,Rural,9,28.1,80.5,293.0,High
Mumbai,Urban,2,25.1,64.5,58.1,Low
Delhi,Urban,11,32.9,47.2,65.6,Low
Kolkata,Rural,10,31.3,75.3,7.8,Medium
Patna,Urban,3,37.2,55.9,13.9,Medium
Lucknow,Rural,7,25.6,86.3,190.7,High
Bengaluru,Urban,2,14.5,52.7,12.0,Low
Pune,Rural,10,26.8,80.6,26.1,Medium
Lucknow,Urban,7,27.0,80.4,146.0,High
Kolkata,Urban,6,25.0,86.7,100.3,Medium
Lucknow,Rural,7,25.4,77.3,381.4,High
Nagpur,Urban,10,33.6,79.2,15.6,Medium
Lucknow,Urban,10,26.6,63.5,2.6,Low
Ranchi,Urban,6,27.5,74.0,395.3,High
Nagpur,Urban,7,31.8,69.1,240.0,High
Mumbai,Rural,9,27.2,89.9,316.9,High
Lucknow,Urban,2,20.6,35.5,43.9,Low
Delhi,Rural,5,30.1,78.0,1.9,Medium
Delhi,Rural,10,30.5,46.0,81.9,Medium
Chennai,Urban,6,29.0,87.0,80.5,High
Chennai,Rural,9,24.3,79.5,171.7,High
Patna,Urban,11,21.1,80.2,132.4,Medium
Bengaluru,Urban,2,17.3,55.0,2.5,Low
Patna,Urban,9,29.7,73.5,413.6,High
Pune,Rural,12,27.8,59.9,57.5,Low
Ranchi,Rural,6,31.2,81.6,223.8,High
Bengaluru,Rural,8,27.9,82.2,121.7,High
Patna,Rural,8,29.0,89.6,401.4,High
Pune,Urban,8,24.7,78.5,140.8,High
Pune,Urban,3,30.6,65.0,59.6,Medium
Patna,Urban,5,32.4,64.3,111.8,Medium
Chennai,Rural,12,22.2,47.5,3.8,Low
Ranchi,Rural,7,28.6,85.7,347.5,High
Patna,Rural,8,26.4,71.6,348.4,High
Kolkata,Urban,8,27.0,75.8,367.5,High
Kolkata,Rural,3,35.0,41.9,64.2,Low
Delhi,Urban,3,30.1,36.8,38.0,Low
Kolkata,Rural,3,29.7,65.4,79.9,Medium
Delhi,Rural,8,28.3,72.4,182.5,High
Chennai,Rural,3,39.3,74.9,18.7,Medium
Patna,Rural,11,29.9,64.0,52.2,Medium
Nagpur,Urban,10,30.2,81.9,61.0,Medium
Lucknow,Urban,3,35.8,40.0,3.0,Low
Ranchi,Rural,6,24.7,69.5,298.0,High
Ranchi,Rural,4,27.3,58.2,53.5,Low
Pune,Rural,4,33.4,60.9,61.4,Low
Bengaluru,Rural,3,36.3,53.4,46.3,Low
Bengaluru,Rural,5,39.7,72.6,10.5,Medium
Lucknow,Rural,8,26.3,89.8,409.9,High
Chennai,Urban,10,28.4,50.7,54.6,Medium
Patna,Rural,2,27.7,60.4,22.5,Low
Kolkata,Rural,3,34.2,65.5,90.6,Medium
Delhi,Rural,5,34.2,36.8,99.1,Medium
Kolkata,Rural,9,29.9,74.1,349.0,High
Kolkata,Rural,2,22.4,73.4,25.0,Low
Ranchi,Urban,2,24.5,56.2,58.2,Low
Bengaluru,Rural,10,26.1,55.3,123.5,Medium
Pune,Rural,9,29.9,68.5,168.2,High
Delhi,Rural,8,31.0,71.7,135.5,High
Chennai,Rural,1,15.5,57.8,56.2,Low
Delhi,Urban,10,30.5,66.7,157.0,High
Kolkata,Rural,11,29.8,59.5,96.2,Low
Delhi,Urban,3,33.7,51.0,58.2,Low
Delhi,Urban,4,29.0,44.5,22.6,Low
Nagpur,Urban,7,27.7,70.1,358.4,High
Lucknow,Rural,5,36.0,41.0,53.0,Medium
Patna,Rural,3,36.2,36.2,97.7,Low
Delhi,Urban,5,28.6,40.6,9.4,Low
Pune,Urban,1,24.7,67.6,2.6,Low
Patna,Urban,8,25.0,74.8,102.5,Medium
Pune,Urban,10,22.9,81.0,33.3,Low
Pune,Urban,12,27.9,75.8,20.9,Low
Patna,Urban,9,28.6,70.7,276.6,High
Ranchi,Urban,5,29.2,67.4,0.5,Medium
Ranchi,Rural,6,29.6,73.0,309.0,High
Bengaluru,Rural,7,25.7,74.1,118.4,High
Pune,Rural,2,19.9,56.3,21.7,Low
Mumbai,Urban,6,27.9,78.4,235.4,High
Lucknow,Urban,9,27.3,94.6,225.5,High
Lucknow,Rural,3,27.2,64.0,80.7,Low
Patna,Urban,2,12.7,52.2,35.4,Low
Delhi,Urban,6,31.8,77.1,282.3,High
Pune,Urban,7,29.8,75.5,322.6,High
Kolkata,Rural,6,27.8,84.3,217.5,High
Kolkata,Urban,8,24.9,74.8,249.1,High
Delhi,Urban,2,24.0,70.7,29.9,Low
Delhi,Rural,10,29.5,51.1,112.0,Medium
Pune,Rural,8,25.6,85.9,246.7,High
Bengaluru,Urban,1,28.8,72.8,7.1,Medium
Chennai,Rural,8,24.3,72.8,304.2,High
Delhi,Rural,7,25.1,87.3,245.7,High
Lucknow,Rural,8,28.5,72.2,99.0,Medium
Nagpur,Rural,10,29.5,75.7,51.2,Medium
Nagpur,Urban,3,37.9,50.0,89.0,Low
Bengaluru,Rural,2,18.1,77.7,24.7,Low
Ranchi,Urban,4,35.4,60.5,109.2,Low
Kolkata,Urban,6,25.4,82.5,92.7,High
Chennai,Rural,5,27.3,55.2,2.7,Low
Nagpur,Rural,6,28.6,89.8,114.0,High
Bengaluru,Rural,9,30.5,86.0,136.7,High
Chennai,Urban,8,29.1,94.3,105.6,High
Ranchi,Rural,5,27.6,77.8,48.2,Low
Pune,Urban,10,24.7,47.7,144.2,Medium
Ranchi,Rural,2,22.4,48.0,48.2,Low
Patna,Rural,4,32.4,45.8,61.8,Low
Patna,Urban,1,21.9,57.2,11.2,Low
Lucknow,Rural,11,27.5,69.6,138.4,Medium
Nagpur,Urban,9,25.6,80.5,161.7,High
Kolkata,Rural,7,26.5,90.4,101.9,Medium
Chennai,Rural,5,35.4,46.0,72.1,Low
Pune,Urban,4,27.4,69.3,37.3,Low
Chennai,Rural,11,32.7,53.1,49.1,Low
Kolkata,Urban,11,31.9,83.6,87.5,Medium
Pune,Rural,10,24.2,47.5,171.9,Medium
Pune,Rural,12,26.0,45.1,34.3,Low
Pune,Rural,8,31.1,74.4,121.6,High
Bengaluru,Rural,12,24.1,75.2,13.1,Low
Ranchi,Rural,8,27.3,91.3,99.0,High
Pune,Rural,9,27.4,86.4,407.5,High
Delhi,Rural,8,29.7,90.2,87.2,High
Nagpur,Urban,12,22.6,75.5,41.4,Low
Ranchi,Rural,9,27.1,85.3,318.2,High
Pune,Urban,8,27.1,92.6,213.6,High
Kolkata,Rural,2,27.8,67.5,17.8,Low
Delhi,Rural,11,24.4,77.5,116.0,Medium
Kolkata,Urban,8,27.8,79.1,366.0,High
Pune,Urban,12,15.0,37.9,25.3,Low
Patna,Rural,8,29.6,88.6,298.1,High
Lucknow,Urban,1,17.6,62.0,18.8,Low
Delhi,Urban,9,29.7,88.7,300.7,High
Nagpur,Rural,6,27.6,91.6,125.4,High
Nagpur,Rural,5,29.6,52.8,21.8,Medium
Nagpur,Urban,1,28.0,74.7,38.8,Medium
Pune,Rural,4,30.4,71.6,6.0,Medium
Nagpur,Rural,3,28.2,50.8,113.7,Low
Patna,Rural,8,30.6,81.3,156.3,High
Kolkata,Rural,12,19.4,40.6,51.4,Low
Kolkata,Urban,7,25.4,89.4,89.8,High
Ranchi,Rural,4,31.8,64.4,55.0,Low
Delhi,Rural,12,17.6,44.1,23.0,Low
Nagpur,Rural,2,11.8,37.5,20.0,Low
Bengaluru,Urban,1,14.8,61.6,18.2,Low
Bengaluru,Urban,9,24.3,72.8,137.8,High
Bengaluru,Rural,3,28.2,65.5,52.0,Medium
Bengaluru,Urban,3,33.5,76.9,33.7,Low
Chennai,Rural,5,35.0,67.7,31.7,Medium
Delhi,Rural,12,28.9,67.8,9.1,Medium
Lucknow,Urban,4,28.9,44.9,4.3,Low
Lucknow,Rural,2,28.9,74.9,2.4,Low
Patna,Rural,8,27.9,90.8,374.7,High
Pune,Urban,5,29.3,42.2,61.0,Low
Nagpur,Urban,10,34.0,45.2,138.0,Medium
Pune,Urban,8,29.4,92.0,88.8,High
Pune,Rural,6,28.7,93.7,364.6,High
Pune,Rural,12,22.5,54.5,57.3,Low
Mumbai,Rural,1,22.5,75.9,19.5,Low
Nagpur,Urban,4,38.2,69.5,34.0,Medium
Pune,Rural,2,17.6,42.7,57.9,Low
Pune,Urban,4,29.1,68.5,34.2,Medium
Delhi,Urban,5,33.4,53.6,96.8,Medium
Nagpur,Urban,6,29.3,90.5,254.3,High
Chennai,Rural,5,34.3,53.2,90.8,Medium
Nagpur,Urban,7,29.0,70.5,254.5,High
Ranchi,Urban,8,28.2,85.5,108.5,High
Pune,Rural,5,28.9,40.5,108.3,Medium
Patna,Rural,5,34.4,58.7,110.1,Medium
Patna,Rural,7,24.8,85.8,273.3,High
Kolkata,Urban,9,24.1,88.0,237.4,High
Chennai,Urban,2,17.9,65.3,18.8,Low
Lucknow,Rural,6,31.7,91.5,143.6,High
Nagpur,Rural,11,21.5,66.4,1.1,Low
Delhi,Rural,8,29.5,91.5,408.4,High
Lucknow,Rural,10,31.4,69.7,124.3,High
Chennai,Rural,2,12.4,35.6,6.7,Low
Ranchi,Urban,4,33.3,41.2,29.0,Low
Patna,Urban,2,15.7,54.9,28.4,Low
Delhi,Urban,12,23.3,76.4,28.3,Medium
Nagpur,Urban,4,30.8,70.7,47.0,Low
Pune,Rural,7,30.8,87.9,282.6,High
Kolkata,Urban,8,27.2,81.9,326.4,High
Lucknow,Urban,12,11.2,35.8,34.6,Low
Kolkata,Rural,8,24.9,84.8,299.7,High
Chennai,Urban,3,30.7,43.3,41.3,Low
Ranchi,Rural,10,31.9,73.6,84.3,Medium
Chennai,Rural,11,29.1,59.4,85.0,Medium
Delhi,Urban,5,36.0,38.7,57.9,Low
Delhi,Rural,2,25.1,75.6,29.6,Low
Patna,Urban,1,16.8,46.2,40.6,Low
Patna,Urban,2,16.4,39.9,13.6,Low
Lucknow,Rural,6,30.3,88.8,341.8,High
Delhi,Urban,12,11.0,75.7,47.9,Low
Pune,Urban,10,28.5,79.3,18.3,Medium
Patna,Urban,3,35.2,72.4,109.3,Medium
Kolkata,Rural,9,28.0,91.5,132.5,High
Delhi,Urban,4,32.7,52.9,92.3,Low
Lucknow,Rural,5,33.6,38.7,44.7,Low
Bengaluru,Urban,3,36.8,57.8,94.5,Low
Chennai,Rural,7,31.2,93.7,255.5,High
Mumbai,Rural,3,37.0,65.9,62.1,Low
Bengaluru,Rural,7,31.9,72.4,100.9,High
Delhi,Urban,11,33.7,77.0,157.6,High
Chennai,Rural,11,29.8,79.9,129.9,Medium
Bengaluru,Urban,5,38.7,61.2,17.6,Medium
Ranchi,Rural,12,16.6,69.9,38.9,Low
Kolkata,Urban,1,20.2,51.8,43.1,Low
Patna,Rural,4,28.2,58.7,62.6,Medium
Delhi,Urban,1,26.9,58.2,15.5,Low
Kolkata,Rural,9,24.9,69.6,206.8,High
Bengaluru,Urban,1,24.4,75.5,26.9,Low
Mumbai,Rural,6,31.9,89.7,416.3,High
Patna,Urban,6,26.4,86.0,357.1,High
Delhi,Rural,9,29.9,70.8,255.6,High
Bengaluru,Rural,2,12.8,53.3,24.7,Low
Chennai,Urban,8,25.7,70.1,310.1,High
Patna,Rural,5,34.6,62.4,119.6,Medium
Lucknow,Rural,3,28.9,40.5,85.3,Low
Patna,Urban,12,14.0,55.4,44.8,Low
Bengaluru,Urban,10,31.9,49.4,66.5,Low
Patna,Urban,2,17.1,77.6,18.2,Low
Delhi,Urban,10,25.9,82.5,54.9,Medium
Delhi,Rural,1,12.3,50.0,52.2,Low
Nagpur,Rural,10,26.3,58.5,67.9,Medium
Nagpur,Urban,3,33.6,54.8,54.0,Medium
Bengaluru,Urban,10,29.3,61.4,41.9,Medium
Patna,Urban,11,32.5,74.4,116.3,Medium
Mumbai,Rural,9,29.2,85.4,109.0,High
Patna,Urban,10,27.3,75.0,90.5,Medium
Patna,Urban,1,15.2,43.8,49.8,Low
Nagpur,Rural,2,25.3,61.1,24.1,Low
Mumbai,Rural,7,25.4,68.6,259.5,High
Pune,Urban,2,20.3,47.3,11.0,Low
Delhi,Rural,7,29.4,69.6,406.8,High
Mumbai,Rural,7,24.8,71.8,383.6,High
Pune,Urban,4,30.1,60.7,28.4,Low
Patna,Rural,2,15.1,48.7,33.2,Low
Mumbai,Rural,11,23.3,80.4,48.4,Medium
Pune,Urban,9,29.2,71.4,273.2,High
Patna,Urban,3,31.9,77.4,93.8,Medium
Chennai,Rural,1,10.0,55.0,49.8,Low
Delhi,Urban,1,27.7,55.7,35.9,Low
Chennai,Rural,11,23.0,78.6,50.6,Low
Patna,Urban,5,28.2,65.0,99.7,Medium
Kolkata,Rural,4,34.9,76.2,38.2,Medium
Bengaluru,Rural,12,18.6,45.6,59.0,Low
Lucknow,Rural,1,27.4,40.8,55.3,Low
Mumbai,Urban,11,22.4,67.2,125.4,Medium
Chennai,Urban,11,29.1,66.5,160.7,High
Lucknow,Urban,6,31.8,78.2,284.4,High
Mumbai,Urban,8,27.0,73.2,83.2,Medium
Kolkata,Rural,4,28.2,61.4,36.4,Low
Ranchi,Rural,6,24.3,81.3,319.4,High
Mumbai,Urban,11,25.5,79.8,102.4,Medium
Patna,Urban,11,30.3,71.9,108.5,Medium
Nagpur,Urban,12,11.2,46.2,34.2,Low
Patna,Rural,4,38.0,36.0,116.4,Low
Nagpur,Rural,11,27.8,63.2,168.8,Medium
Mumbai,Rural,7,30.8,79.0,121.4,High
Lucknow,Rural,9,30.1,91.9,156.3,High
Chennai,Rural,6,24.0,73.3,107.8,Medium
Mumbai,Urban,12,18.1,38.2,15.0,Low
Kolkata,Urban,11,28.8,46.1,77.8,Low
Bengaluru,Rural,4,28.4,45.2,40.9,Low
Bengaluru,Urban,2,24.7,61.6,45.8,Low
Nagpur,Urban,2,28.5,74.4,22.6,Medium
Pune,Urban,1,27.5,54.0,18.1,Low
Pune,Urban,11,20.8,47.1,153.0,Low
Nagpur,Rural,4,38.2,68.9,74.9,Medium
Lucknow,Rural,10,28.7,58.6,168.8,Medium
Lucknow,Rural,10,22.7,49.1,107.1,Low
Ranchi,Urban,11,27.1,59.2,86.7,Low
Delhi,Urban,3,37.4,37.6,37.4,Low
Bengaluru,Rural,10,32.4,76.0,26.5,Medium
Bengaluru,Rural,6,31.8,82.0,303.6,High
Ranchi,Urban,7,26.8,94.4,297.8,High
Pune,Rural,4,35.7,64.9,117.8,Medium
Bengaluru,Rural,10,24.2,58.1,18.9,Low
Mumbai,Rural,4,39.0,62.5,83.2,Low
Ranchi,Urban,8,29.9,93.7,192.7,High
Ranchi,Rural,3,37.7,35.3,1.2,Low
Patna,Urban,3,30.8,43.4,70.3,Low
Mumbai,Urban,4,29.6,42.5,106.2,Low
Bengaluru,Urban,3,29.5,42.6,31.4,Low
Delhi,Rural,11,31.0,49.4,168.5,Low
Ranchi,Rural,6,29.3,93.4,412.2,High
Chennai,Urban,2,12.7,74.7,47.7,Low
Chennai,Rural,6,28.8,94.4,163.1,High
Nagpur,Urban,9,26.4,72.0,164.0,High
Kolkata,Urban,9,31.7,91.9,151.1,High
Lucknow,Urban,3,33.6,67.3,77.4,Medium
Lucknow,Rural,3,31.2,51.1,83.3,Medium
Lucknow,Rural,5,34.6,62.4,94.9,Medium
Ranchi,Urban,4,32.9,45.1,26.2,Low
Chennai,Urban,6,26.0,70.3,335.6,High
Patna,Rural,4,34.6,55.0,74.5,Low
Lucknow,Rural,7,26.9,81.4,172.8,Medium
Lucknow,Urban,5,35.4,50.4,9.9,Medium
Patna,Urban,5,39.0,39.2,8.6,Low
Ranchi,Rural,4,35.8,45.8,89.4,Low
Kolkata,Urban,12,21.5,40.9,51.3,Low
Patna,Rural,1,24.6,47.1,20.8,Low
Chennai,Urban,8,29.2,94.7,403.5,High
Ranchi,Urban,12,24.2,55.4,30.9,Low
Lucknow,Rural,6,30.3,76.5,143.9,High
Chennai,Urban,8,27.6,83.1,207.4,High
Delhi,Rural,12,10.2,69.8,50.1,Low
Chennai,Rural,11,30.5,75.5,124.3,Medium
Nagpur,Urban,10,31.0,81.9,27.7,High
Bengaluru,Rural,7,25.6,78.5,261.7,High
Pune,Rural,10,33.5,70.6,54.8,Medium
Patna,Urban,1,25.7,60.9,1.6,Low
Chennai,Rural,4,30.0,63.4,8.4,Low
Patna,Urban,3,31.2,74.1,46.9,Medium
Delhi,Rural,8,29.9,78.5,387.2,High
Ranchi,Rural,7,30.5,85.9,134.0,High
Kolkata,Urban,9,29.7,80.4,148.6,High
Lucknow,Urban,7,28.8,74.7,191.8,High
Lucknow,Rural,8,28.6,87.9,177.9,High
Lucknow,Rural,12,26.0,69.1,23.5,Low
Delhi,Rural,4,29.3,61.6,51.8,Low
Delhi,Urban,7,29.6,69.2,381.1,High
Patna,Rural,11,32.8,72.9,130.0,Medium
Lucknow,Rural,9,25.0,78.0,336.8,High
Bengaluru,Rural,8,25.3,73.6,95.2,Medium
Lucknow,Rural,6,30.0,91.1,214.9,High
Pune,Urban,6,29.4,80.5,236.9,High
Ranchi,Rural,3,33.1,47.0,19.4,Low
Nagpur,Urban,3,30.8,58.0,46.9,Low
Mumbai,Rural,3,32.7,42.7,85.7,Low
Patna,Urban,8,29.6,90.6,355.9,High
Pune,Rural,12,15.9,37.3,0.3,Low
Ranchi,Urban,6,31.3,73.4,85.5,Medium
Mumbai,Rural,4,35.8,37.7,115.0,Low
Delhi,Urban,1,17.9,39.6,19.6,Low
Ranchi,Urban,9,27.2,79.6,159.0,Medium
Bengaluru,Urban,1,17.6,48.6,23.4,Low
Pune,Rural,11,28.7,46.8,159.4,Low
Nagpur,Rural,2,23.5,69.0,55.3,Medium
Kolkata,Urban,10,24.5,70.2,69.9,Medium
Delhi,Rural,3,35.3,73.0,38.2,Medium
Lucknow,Urban,6,24.1,92.6,232.6,High
Ranchi,Urban,4,27.3,67.6,14.9,Low
Chennai,Urban,10,21.1,50.5,89.8,Low
Chennai,Urban,11,20.5,81.9,107.7,Medium
Bengaluru,Urban,5,31.1,68.8,4.8,Medium
Chennai,Rural,1,14.4,66.5,20.6,Low
Mumbai,Urban,11,29.7,53.9,157.1,Medium
Delhi,Rural,11,20.1,79.8,12.6,Low
Delhi,Urban,3,28.2,60.5,99.7,Medium
Ranchi,Urban,7,29.8,76.4,325.4,High
Delhi,Urban,5,30.7,54.3,76.3,Medium
Lucknow,Urban,6,27.2,72.5,230.1,High
Chennai,Urban,8,24.2,78.3,370.4,High
Kolkata,Urban,9,29.8,74.9,237.6,High
Chennai,Rural,2,16.3,65.7,11.7,Low
Mumbai,Urban,9,29.8,78.1,217.5,High
Chennai,Rural,7,27.9,85.3,280.0,High
Mumbai,Urban,7,31.5,72.4,339.4,High
Bengaluru,Rural,11,29.6,72.9,117.2,Medium
Ranchi,Urban,8,24.3,90.0,294.5,High
Delhi,Rural,10,26.4,72.2,45.8,Medium
Delhi,Urban,2,24.6,62.7,55.0,Low
Nagpur,Urban,9,31.3,91.7,136.4,High
Kolkata,Rural,10,24.3,61.5,157.8,Medium
Pune,Urban,11,28.0,76.9,146.6,Medium
Ranchi,Rural,12,15.9,77.4,49.0,Low
Pune,Rural,9,27.3,75.8,226.5,Medium
Delhi,Urban,4,33.3,56.6,13.2,Low
Ranchi,Urban,4,27.8,42.9,91.1,Low
Chennai,Rural,11,32.8,49.4,114.6,Low
Pune,Rural,2,15.3,49.7,35.1,Low
Pune,Urban,1,15.1,76.1,39.9,Low
Mumbai,Urban,4,33.8,35.3,72.4,Medium
Kolkata,Rural,8,30.1,84.3,194.4,High
Bengaluru,Rural,4,39.2,63.6,45.4,Low
Bengaluru,Rural,2,10.1,72.4,24.1,Low
Delhi,Urban,10,21.7,66.2,171.2,Medium
Ranchi,Rural,8,28.9,85.8,241.6,High
Ranchi,Urban,11,33.4,77.5,3.0,Low
Mumbai,Rural,11,26.2,69.3,72.0,Medium
Pune,Rural,7,31.5,93.4,241.9,High
Pune,Rural,5,34.9,65.6,104.4,Medium
Patna,Urban,3,33.5,38.7,99.9,Medium
Lucknow,Urban,8,31.6,81.0,263.8,High
Delhi,Urban,2,18.3,65.8,9.6,Low
Chennai,Rural,4,36.3,63.6,114.2,Medium
Delhi,Rural,2,25.1,49.3,13.4,Low
Nagpur,Urban,11,24.8,81.4,133.7,Medium
Patna,Rural,4,29.9,40.0,10.5,Low
Nagpur,Urban,12,27.9,59.6,7.6,Low
Chennai,Urban,5,27.8,58.0,101.7,Medium
Bengaluru,Rural,11,33.1,50.1,119.5,Medium
Pune,Rural,1,20.2,54.8,8.7,Low
Ranchi,Rural,11,26.4,69.1,26.3,Low
Mumbai,Rural,5,33.5,64.6,32.8,Medium
Nagpur,Rural,11,31.6,64.8,126.7,Medium
Bengaluru,Urban,12,14.0,66.5,48.6,Low
Mumbai,Urban,8,29.8,76.1,357.1,High
Delhi,Urban,9,27.1,79.4,241.0,Medium
Chennai,Rural,2,20.0,47.2,41.8,Low
Patna,Rural,2,12.5,67.3,34.8,Low
Kolkata,Rural,11,22.3,50.5,125.3,Low
Delhi,Urban,4,37.5,43.4,78.1,Low
Nagpur,Urban,11,31.0,79.3,67.8,Medium
Delhi,Urban,2,16.8,55.4,56.7,Low
Patna,Rural,10,26.1,50.9,130.1,Medium
Pune,Urban,7,27.9,86.6,404.5,High
Chennai,Urban,8,30.9,85.6,173.6,High
Bengaluru,Urban,2,12.2,40.2,38.5,Low
Ranchi,Urban,10,28.0,67.9,49.3,Medium
Nagpur,Urban,7,27.9,85.4,227.4,High
Pune,Rural,2,23.6,72.1,32.3,Low
Mumbai,Rural,9,30.5,89.2,260.2,High
Nagpur,Urban,4,39.6,73.6,21.7,Medium
Delhi,Urban,9,27.6,76.5,93.3,Medium
Delhi,Urban,9,26.1,88.3,108.8,Medium
Kolkata,Rural,9,25.4,94.4,303.8,High
Mumbai,Rural,11,27.5,50.6,88.3,Low
Bengaluru,Urban,12,11.9,70.2,14.2,Low
Kolkata,Urban,3,34.8,44.3,43.1,Low
Nagpur,Rural,2,20.4,46.2,39.0,Low
Lucknow,Urban,5,35.8,75.4,17.2,Medium
Kolkata,Urban,12,17.1,63.3,49.2,Low
Chennai,Urban,6,31.9,79.7,88.8,High
Pune,Rural,2,20.1,64.4,24.4,Low
Pune,Rural,6,30.2,72.0,351.4,High
Pune,Rural,4,31.9,39.5,111.1,Low
Kolkata,Rural,2,20.1,65.1,51.9,Low
Nagpur,Urban,1,13.2,75.7,23.4,Low
Patna,Rural,8,28.7,75.0,313.5,High
Delhi,Urban,7,28.5,75.2,392.3,High
Bengaluru,Urban,11,28.5,73.3,33.0,Medium
Lucknow,Rural,5,39.4,57.4,86.2,Medium
Ranchi,Rural,11,32.0,82.9,73.2,Medium
Pune,Urban,2,23.9,75.6,9.9,Low
Kolkata,Rural,1,28.3,53.2,30.5,Low
Lucknow,Rural,9,29.5,86.3,261.0,High
Mumbai,Urban,12,10.1,53.3,32.1,Low
Patna,Urban,10,26.3,51.7,167.4,Medium
Ranchi,Urban,2,17.0,40.7,21.2,Low
Lucknow,Rural,3,31.9,39.9,109.7,Low
Patna,Urban,5,30.9,47.6,25.6,Low
Nagpur,Rural,4,39.0,75.0,115.1,Medium
Mumbai,Rural,10,31.9,47.3,1.1,Low
Kolkata,Rural,2,10.1,73.3,11.2,Low
Pune,Rural,8,25.6,82.3,385.5,High
Lucknow,Urban,3,37.0,45.8,56.5,Low
Bengaluru,Rural,3,34.0,46.6,118.7,Low
Lucknow,Urban,3,31.6,53.7,43.1,Medium
Ranchi,Urban,4,30.7,40.7,50.5,Low
Mumbai,Urban,11,22.8,64.2,119.7,Low
Chennai,Rural,9,28.0,86.4,123.3,High
Chennai,Rural,3,28.4,39.6,2.5,Low
Patna,Urban,11,23.3,72.1,61.6,Medium
Mumbai,Rural,8,26.3,81.1,338.7,High
Delhi,Urban,4,30.7,39.9,31.6,Low
Chennai,Urban,8,29.7,89.9,318.4,High
Delhi,Urban,10,28.8,50.9,21.7,Medium
Kolkata,Urban,3,32.5,61.5,10.9,Low
Chennai,Rural,12,22.0,45.0,20.2,Low
Patna,Rural,11,20.7,49.4,65.4,Low
Chennai,Urban,6,31.2,72.9,80.2,High
Bengaluru,Urban,5,33.1,74.1,12.1,Medium
Lucknow,Rural,6,26.4,70.6,84.6,Medium
Delhi,Rural,6,29.9,77.8,344.8,High
Bengaluru,Urban,11,23.9,68.4,15.7,Low
Nagpur,Urban,1,21.1,74.2,39.3,Low
Lucknow,Urban,2,27.9,61.6,18.1,Low
Ranchi,Urban,1,12.4,53.0,42.7,Low
Patna,Rural,6,27.6,87.4,389.7,High
Chennai,Urban,3,34.8,65.0,15.5,Low
Nagpur,Urban,12,13.6,70.0,29.7,Low
Patna,Urban,3,32.7,56.9,67.5,Medium
Nagpur,Rural,4,29.4,41.9,26.1,Low
Patna,Rural,9,29.7,82.2,183.2,High
Kolkata,Urban,3,29.9,57.9,35.0,Low
Kolkata,Urban,5,38.4,37.2,117.6,Medium
Ranchi,Urban,1,22.3,62.2,58.3,Low
Patna,Rural,12,12.5,73.6,17.7,Low
Mumbai,Rural,4,36.5,47.0,30.7,Low
Nagpur,Urban,12,24.2,51.4,39.2,Low
Nagpur,Urban,8,25.8,75.3,277.8,High
Chennai,Urban,8,25.9,87.6,205.3,High
Pune,Rural,3,33.0,70.1,21.1,Medium
Delhi,Rural,1,15.9,73.1,49.0,Low
Ranchi,Urban,3,27.9,45.5,109.1,Low
Pune,Urban,12,24.3,35.5,6.0,Low
Pune,Urban,11,33.1,50.3,138.6,Medium
Nagpur,Urban,1,28.2,39.6,44.2,Low
Pune,Urban,3,33.2,59.2,53.3,Low
Bengaluru,Rural,3,30.2,58.4,32.1,Low
Mumbai,Urban,2,20.3,39.4,53.2,Low
Mumbai,Urban,1,14.3,51.6,21.2,Low
Chennai,Urban,8,25.4,71.0,114.6,High
Bengaluru,Urban,10,24.7,59.4,166.4,Medium
Mumbai,Urban,3,32.6,49.4,21.8,Low
Kolkata,Rural,6,31.0,75.3,249.7,High
Kolkata,Urban,1,26.4,77.1,46.7,Low
Delhi,Rural,8,29.8,89.2,242.7,High
Nagpur,Rural,12,15.3,38.9,59.7,Low
Chennai,Rural,6,28.0,81.0,410.8,High
Bengaluru,Urban,11,32.9,60.3,98.9,Medium
Lucknow,Urban,7,24.7,87.3,259.2,High
Ranchi,Urban,4,31.7,43.7,102.1,Low
Lucknow,Urban,2,11.1,50.0,50.9,Low
Delhi,Rural,8,25.2,91.0,410.4,High
Ranchi,Urban,4,27.7,40.9,115.4,Low
Chennai,Urban,12,28.3,51.0,42.1,Low
Pune,Rural,10,32.2,46.2,65.7,Low
Pune,Urban,10,31.6,61.7,137.8,Medium
Delhi,Rural,8,27.3,77.1,345.7,High
Kolkata,Urban,3,27.8,62.6,72.5,Low
Delhi,Urban,7,30.7,86.4,377.8,High
Kolkata,Rural,12,14.3,75.1,16.3,Low
Chennai,Urban,12,14.0,61.6,13.1,Low
Patna,Urban,12,18.9,48.5,38.5,Low
Delhi,Urban,6,29.2,73.3,116.9,Medium
Nagpur,Rural,1,14.6,42.0,6.4,Low
Mumbai,Rural,4,34.2,62.5,3.9,Low
Nagpur,Urban,10,33.8,64.4,8.6,Low
Kolkata,Urban,6,30.0,93.9,250.1,High
Chennai,Rural,3,36.1,39.2,48.9,Low
Pune,Urban,1,21.2,51.4,35.2,Low
Kolkata,Urban,3,35.9,38.4,75.1,Medium
Ranchi,Urban,11,29.2,75.8,29.0,Medium
Patna,Rural,8,30.3,77.2,202.5,High
Chennai,Urban,12,24.7,51.7,12.5,Low
Pune,Urban,10,28.8,64.9,144.9,Medium
Kolkata,Urban,8,24.8,76.5,397.6,High
Kolkata,Rural,6,24.7,72.8,342.5,High
Lucknow,Rural,8,29.2,71.8,122.1,High
Mumbai,Rural,5,32.2,71.9,110.1,Medium
Bengaluru,Rural,6,24.7,79.2,233.0,High
Mumbai,Urban,12,25.0,65.1,33.6,Low
Pune,Rural,7,25.3,78.8,104.8,Medium
Lucknow,Urban,6,27.7,85.3,386.0,High
Pune,Urban,12,12.1,76.3,23.8,Low
Chennai,Rural,2,16.0,77.8,29.2,Low
Lucknow,Urban,5,32.9,58.4,113.8,Medium
Ranchi,Rural,10,20.4,69.0,68.5,Medium
Bengaluru,Rural,8,25.7,73.7,87.8,Medium
Chennai,Rural,5,35.3,38.6,8.3,Low
Kolkata,Rural,7,28.2,86.1,168.2,High
Pune,Rural,6,31.7,76.0,147.5,High
Lucknow,Rural,9,29.5,72.3,316.9,High
Nagpur,Rural,1,20.7,73.4,11.9,Low
Nagpur,Urban,6,29.3,90.2,329.7,High
Bengaluru,Urban,3,38.7,75.2,59.9,Medium
Chennai,Rural,9,29.8,94.7,400.7,High
Lucknow,Urban,1,14.2,77.1,25.2,Low
Delhi,Rural,4,31.5,76.0,116.6,Medium
Mumbai,Rural,6,24.1,92.2,250.7,High
Lucknow,Rural,7,27.3,77.5,264.4,High
Bengaluru,Urban,3,33.0,51.0,66.3,Low
Chennai,Rural,5,38.0,64.6,52.5,Medium
Nagpur,Urban,2,25.3,39.5,39.0,Low
Chennai,Urban,8,30.0,84.8,265.2,High
Patna,Urban,11,24.1,61.8,40.1,Low
Chennai,Urban,4,38.1,75.9,42.1,Medium
Lucknow,Rural,11,29.9,74.6,1.4,Low
Ranchi,Rural,5,38.4,46.4,100.6,Medium
Chennai,Urban,1,27.1,52.8,0.9,Low
Bengaluru,Rural,6,25.4,83.4,226.2,High
Chennai,Urban,10,29.0,78.1,144.2,High
Delhi,Rural,12,13.3,73.9,31.0,Low
Pune,Urban,9,24.9,83.6,213.3,High
Kolkata,Urban,6,25.6,70.5,228.7,High
Nagpur,Urban,1,21.7,58.4,58.3,Low
Mumbai,Urban,8,29.1,89.0,143.4,High
Ranchi,Rural,4,34.0,45.5,93.6,Low
Kolkata,Urban,5,28.1,41.2,2.8,Medium
Pune,Urban,8,31.4,71.3,128.2,High
Delhi,Urban,2,19.4,50.5,50.3,Low
Lucknow,Urban,7,24.6,93.9,105.9,High
Chennai,Rural,11,32.7,77.3,32.4,Low
Delhi,Urban,2,28.5,77.7,29.0,Medium
Patna,Urban,3,33.8,45.9,14.6,Low
Patna,Urban,9,28.1,72.1,374.7,High
Ranchi,Urban,6,25.1,70.3,315.1,High
Kolkata,Rural,4,39.4,50.0,66.2,Low
Lucknow,Rural,9,31.6,92.9,165.0,High
Kolkata,Rural,2,21.1,68.0,18.7,Low
Lucknow,Rural,8,27.4,88.2,357.4,High
Nagpur,Rural,7,25.6,77.5,385.3,High
Lucknow,Urban,1,28.2,45.9,24.6,Low
Patna,Rural,7,24.2,72.9,189.7,High
Bengaluru,Urban,2,14.1,51.0,8.7,Low
Mumbai,Rural,12,10.2,49.1,27.9,Low
Ranchi,Urban,7,26.3,73.7,153.9,High
Nagpur,Urban,10,32.5,61.9,136.1,Medium
Bengaluru,Urban,4,27.6,56.2,5.6,Low
Pune,Urban,8,25.4,76.8,210.2,High
Kolkata,Urban,11,31.0,68.0,0.8,Medium
Delhi,Rural,1,27.0,74.5,2.3,Low
Pune,Rural,2,25.8,52.8,18.1,Low
Bengaluru,Rural,2,20.6,48.5,36.7,Low
Lucknow,Rural,11,33.5,49.9,67.3,Low
Mumbai,Urban,1,25.7,41.0,59.6,Low
Chennai,Urban,3,28.1,66.1,97.5,Medium
Patna,Urban,12,26.5,46.2,47.1,Low
Kolkata,Urban,5,31.3,61.3,97.5,Medium
Delhi,Urban,10,26.4,50.1,155.1,Medium
Chennai,Rural,11,21.7,66.1,104.0,Low
Kolkata,Rural,12,19.2,38.9,46.0,Low
Bengaluru,Urban,11,29.1,79.2,125.1,Medium
Lucknow,Urban,4,27.2,44.3,98.2,Low
Pune,Rural,4,37.6,67.7,61.7,Medium
Kolkata,Rural,11,22.2,65.2,164.5,Low
Bengaluru,Rural,8,30.9,81.9,345.2,High
Kolkata,Rural,3,35.9,75.9,69.3,Medium
Lucknow,Urban,12,12.1,35.7,27.7,Low
Lucknow,Rural,6,26.1,93.0,108.6,Medium
Delhi,Rural,9,27.4,77.0,230.1,Medium
Mumbai,Rural,12,27.6,43.3,11.4,Low
Kolkata,Rural,9,27.5,86.4,299.8,High
Ranchi,Urban,1,27.0,59.7,14.3,Low
Kolkata,Urban,10,29.8,61.2,70.7,Medium
Kolkata,Rural,4,29.2,43.8,76.4,Low
Kolkata,Urban,2,13.5,74.0,37.3,Low
Ranchi,Urban,6,29.5,72.5,192.9,High
Mumbai,Rural,7,26.7,72.8,169.7,Medium
Mumbai,Rural,8,28.7,81.2,164.2,High
Mumbai,Rural,4,33.8,42.2,17.6,Low
Kolkata,Rural,8,27.9,77.5,265.5,High
Kolkata,Rural,8,24.1,77.5,321.5,High
Nagpur,Rural,2,15.1,57.3,38.4,Low
Chennai,Urban,11,33.9,59.3,5.6,Low
Chennai,Rural,4,36.7,43.3,114.6,Low
Kolkata,Rural,9,25.4,92.6,198.6,High
Nagpur,Rural,5,31.0,36.8,62.4,Low
Nagpur,Urban,7,30.4,83.3,349.5,High
Pune,Urban,8,31.4,72.0,311.5,High
Kolkata,Urban,5,33.3,37.8,35.4,Low
Ranchi,Rural,10,21.7,64.5,0.9,Low
Mumbai,Urban,5,28.8,72.8,94.2,Medium
Patna,Urban,2,23.6,41.1,44.0,Low
Pune,Rural,4,27.4,75.1,29.8,Low
Chennai,Rural,7,31.7,70.6,168.8,High
Kolkata,Urban,10,26.1,80.0,144.8,Medium
Ranchi,Rural,3,32.4,43.6,36.6,Low
Lucknow,Urban,7,30.3,90.5,112.7,High
Bengaluru,Rural,8,26.8,80.6,406.9,High
Patna,Urban,7,24.7,71.8,388.3,High
Nagpur,Rural,3,35.1,73.7,105.3,Low
Chennai,Urban,7,29.4,80.5,339.4,High
Mumbai,Urban,1,15.1,77.4,6.4,Low
Kolkata,Rural,12,16.3,37.6,44.4,Low
Mumbai,Urban,9,25.2,88.0,248.4,High
Delhi,Rural,11,24.4,84.6,1.2,Low
Ranchi,Urban,2,10.0,61.0,7.3,Low
Ranchi,Urban,8,24.2,81.7,212.8,High
Kolkata,Rural,8,31.9,90.1,366.2,High
Nagpur,Rural,11,28.6,62.3,114.5,Low
Ranchi,Urban,9,29.9,82.8,241.9,High
Pune,Rural,6,29.3,78.6,317.2,High
Chennai,Rural,3,27.4,54.7,67.7,Low
Kolkata,Urban,11,29.1,71.3,80.0,Medium
Bengaluru,Urban,8,31.1,80.4,83.1,High
Patna,Urban,6,31.2,82.2,254.4,High
Delhi,Rural,11,30.1,58.6,128.7,Medium
Kolkata,Rural,7,24.5,90.7,244.5,High
Nagpur,Urban,10,29.9,65.3,118.6,Medium
Bengaluru,Rural,10,28.6,61.2,8.1,Medium
Delhi,Urban,2,22.6,56.5,40.8,Low
Ranchi,Urban,2,27.1,42.5,53.5,Low
Chennai,Urban,1,21.6,39.9,50.8,Low
Bengaluru,Urban,3,31.2,65.0,45.3,Medium
Nagpur,Urban,4,30.3,53.8,34.3,Low
Delhi,Rural,9,30.5,73.2,277.9,High
Pune,Urban,1,25.4,73.4,21.6,Low
Patna,Urban,6,25.5,87.7,389.7,High
Lucknow,Urban,4,34.4,55.4,42.3,Low
Patna,Urban,2,18.3,61.9,52.4,Low
Delhi,Rural,2,12.2,44.9,36.1,Low
Ranchi,Rural,5,32.1,50.4,104.7,Medium
Kolkata,Urban,9,28.6,91.0,396.8,High
Chennai,Urban,9,29.6,71.0,240.1,High
Kolkata,Urban,1,16.4,46.2,20.1,Low
Delhi,Urban,9,30.5,76.9,337.5,High
Mumbai,Urban,8,24.6,93.6,387.5,High
Mumbai,Rural,2,28.0,60.7,36.7,Low
Patna,Rural,3,30.5,36.8,4.3,Low
Bengaluru,Rural,8,26.4,90.9,410.3,High
Mumbai,Urban,4,33.9,72.0,81.8,Medium
Patna,Rural,1,17.4,51.2,7.5,Low
Patna,Urban,2,18.3,73.6,59.0,Low
Ranchi,Rural,7,31.3,74.4,111.3,Medium
Chennai,Urban,1,26.6,45.7,3.4,Low
Lucknow,Urban,5,27.6,50.0,78.6,Low
Kolkata,Urban,10,25.6,71.3,118.2,Medium
Patna,Urban,8,29.6,90.0,385.2,High
Lucknow,Rural,6,30.2,75.9,302.2,High
Kolkata,Rural,12,20.3,39.5,20.8,Low
Nagpur,Rural,5,28.0,74.2,101.0,Medium
Kolkata,Urban,2,17.1,70.1,8.5,Low
Lucknow,Rural,2,10.4,71.0,16.2,Low
Kolkata,Urban,1,15.3,61.2,29.7,Low
Chennai,Rural,1,14.3,51.3,39.6,Low
Kolkata,Urban,9,30.1,93.3,389.4,High
Bengaluru,Rural,10,23.0,46.1,130.6,Medium
Chennai,Urban,2,20.5,76.0,55.9,Low
Patna,Rural,7,28.6,83.3,256.4,High
Chennai,Rural,12,28.9,45.2,54.5,Low
Kolkata,Urban,4,37.0,47.7,68.5,Low
Kolkata,Rural,5,35.6,68.6,97.2,Medium
Pune,Rural,10,29.3,78.4,152.6,Medium
Mumbai,Rural,1,18.9,76.5,28.8,Low
Ranchi,Rural,1,21.0,38.4,53.8,Low
Pune,Rural,3,30.4,68.8,31.1,Low
Ranchi,Urban,3,38.3,63.2,27.9,Low
Delhi,Rural,10,24.4,67.1,41.0,Medium
Kolkata,Rural,1,22.9,71.9,21.2,Low
Nagpur,Urban,6,24.9,81.7,118.5,Medium
Ranchi,Rural,10,25.2,77.9,74.9,Medium
Kolkata,Urban,1,16.2,68.9,20.1,Low
Bengaluru,Rural,5,35.1,41.9,5.4,Medium
Nagpur,Urban,2,21.6,69.7,30.6,Low
Patna,Rural,4,31.9,60.1,78.8,Low
Pune,Urban,4,34.4,77.9,75.6,Medium
Patna,Urban,9,30.4,84.4,304.1,High
Bengaluru,Rural,4,37.9,47.6,29.3,Low
Bengaluru,Urban,8,26.5,94.3,315.6,High
Chennai,Rural,2,16.7,56.7,54.9,Low
Nagpur,Urban,8,30.3,74.2,361.5,High
Patna,Urban,7,29.4,86.0,285.9,High
Bengaluru,Rural,2,11.5,53.1,59.0,Low
Ranchi,Urban,8,24.1,71.3,169.5,High
Lucknow,Urban,3,38.3,70.9,2.9,Low
Pune,Urban,9,30.9,92.8,387.4,High
Chennai,Urban,12,15.6,49.5,49.5,Low
Nagpur,Urban,12,10.9,66.8,21.3,Low
Chennai,Rural,12,25.9,47.4,28.6,Low
Delhi,Urban,3,38.6,60.5,44.4,Low
Chennai,Rural,8,25.4,87.5,175.0,High
Ranchi,Rural,8,26.7,83.2,385.1,High
Chennai,Rural,6,27.1,88.4,404.2,High
Ranchi,Rural,9,26.2,91.7,186.9,High
Delhi,Urban,5,30.6,53.9,106.2,Medium
Kolkata,Urban,4,35.7,41.1,24.8,Low
Delhi,Urban,10,32.6,83.4,97.2,High
Mumbai,Rural,1,17.0,47.1,56.9,Low
Lucknow,Urban,8,26.4,71.0,320.1,High
Lucknow,Rural,8,26.1,91.3,417.6,High
Pune,Rural,2,24.1,44.6,4.5,Low
Bengaluru,Rural,8,29.0,81.8,344.2,High
Bengaluru,Urban,7,24.8,87.0,257.2,High
Patna,Urban,11,28.8,54.8,105.5,Medium
Ranchi,Urban,5,33.1,55.8,22.5,Medium
Delhi,Urban,11,32.3,83.0,154.3,High
Mumbai,Rural,2,19.3,61.3,42.6,Low
Kolkata,Rural,11,28.2,70.5,87.2,Medium
Delhi,Rural,4,38.4,63.7,58.8,Medium
Nagpur,Rural,9,27.8,70.6,118.2,Medium
Kolkata,Rural,8,26.6,85.9,119.4,Medium
Bengaluru,Urban,6,29.6,87.0,343.1,High
Lucknow,Rural,11,23.3,56.6,91.3,Low
Chennai,Urban,9,30.2,75.1,188.0,High
Lucknow,Rural,7,26.1,69.5,245.1,Medium
Mumbai,Rural,8,27.3,83.5,136.6,High
Pune,Rural,3,34.9,35.9,86.7,Low
Pune,Rural,6,30.1,82.9,302.7,High
Bengaluru,Urban,3,37.9,52.0,86.1,Low
Delhi,Rural,6,27.3,82.9,164.6,Medium
Mumbai,Urban,9,27.2,81.1,133.4,High
Ranchi,Urban,1,15.2,40.3,47.0,Low
Delhi,Rural,2,11.5,56.7,42.2,Low
Mumbai,Urban,12,25.8,61.0,9.1,Low
Chennai,Urban,10,32.0,76.4,76.5,Medium
Kolkata,Rural,8,25.6,75.1,303.1,High
Kolkata,Rural,2,14.2,52.5,16.7,Low
Patna,Urban,7,24.1,81.4,213.8,High
Patna,Urban,8,25.8,94.3,215.1,High
Bengaluru,Rural,10,21.5,57.4,25.9,Low
Pune,Urban,9,25.4,91.4,246.5,High
Delhi,Rural,10,31.7,65.9,151.1,High
Mumbai,Rural,5,32.4,66.8,100.1,Medium
Nagpur,Rural,1,15.1,44.0,33.7,Low
Lucknow,Rural,11,23.3,63.5,86.9,Low
Pune,Urban,7,29.6,78.1,337.3,High
Pune,Urban,4,32.7,76.8,4.7,Medium
Delhi,Rural,3,36.7,58.5,47.9,Low
Chennai,Rural,12,27.5,64.1,31.3,Low
Bengaluru,Urban,3,30.8,64.5,96.3,Medium
Bengaluru,Rural,8,27.7,93.3,395.2,High
Delhi,Urban,9,29.7,80.8,188.0,High
Lucknow,Urban,1,15.9,43.1,41.6,Low
Bengaluru,Urban,1,21.9,60.6,4.0,Low
Ranchi,Rural,11,20.2,52.7,51.2,Low
Chennai,Rural,6,29.0,78.9,166.6,High
Ranchi,Urban,10,22.1,74.2,50.4,Low
Pune,Urban,9,28.7,88.7,192.3,High
Nagpur,Rural,12,26.6,63.7,28.4,Low
Ranchi,Urban,2,27.7,61.4,8.6,Low
Mumbai,Rural,2,27.0,37.2,30.7,Low
Lucknow,Rural,5,33.5,40.0,67.2,Low
Chennai,Rural,6,26.5,82.1,260.4,High
Ranchi,Urban,11,31.7,73.5,151.2,Medium
Lucknow,Rural,11,21.7,81.0,117.4,Low
Bengaluru,Rural,11,24.8,62.0,111.1,Low
Ranchi,Rural,6,25.4,88.2,83.6,Medium
Patna,Urban,1,21.1,49.1,54.7,Low
Patna,Urban,10,23.8,70.9,115.5,Medium
Kolkata,Rural,11,20.8,67.9,5.5,Low
Lucknow,Rural,8,25.4,88.2,300.2,High
Pune,Urban,6,24.2,92.1,132.1,High
Delhi,Urban,7,30.7,71.2,230.7,High
Bengaluru,Urban,9,26.2,91.0,302.7,High
Bengaluru,Rural,12,13.2,77.4,43.3,Low
Mumbai,Rural,7,30.7,86.1,102.1,High
Patna,Urban,12,15.1,42.4,2.7,Low
Patna,Rural,3,35.3,71.2,112.9,Medium
Patna,Rural,2,16.5,59.4,41.8,Low
Lucknow,Urban,2,27.4,42.8,5.2,Low
Mumbai,Urban,1,14.1,51.1,4.9,Low
Ranchi,Rural,11,29.0,81.1,34.4,Medium
Delhi,Rural,1,17.2,47.3,16.7,Low
Chennai,Urban,4,30.5,43.6,117.5,Low
Lucknow,Rural,2,19.3,59.9,20.9,Low
Lucknow,Urban,1,28.0,60.2,9.3,Low
Chennai,Rural,11,31.4,76.9,37.3,Medium
Patna,Rural,2,19.8,44.1,13.1,Low
Pune,Urban,8,25.1,83.8,206.6,High
Nagpur,Urban,6,29.6,85.0,375.6,High
Chennai,Rural,6,26.7,92.4,143.6,High
Delhi,Rural,9,25.5,68.6,355.1,High
Nagpur,Rural,12,17.6,70.9,15.2,Low
Bengaluru,Rural,11,25.6,46.6,167.2,Low
Patna,Urban,7,27.4,75.3,276.3,High
Delhi,Urban,5,38.5,76.5,113.1,Medium
Nagpur,Urban,3,35.6,68.9,6.5,Low
Delhi,Rural,8,27.2,80.4,303.9,High
Delhi,Rural,5,28.0,45.2,24.4,Low
Ranchi,Urban,11,27.8,76.0,0.9,Low
Pune,Rural,9,29.5,86.9,390.4,High
Lucknow,Urban,2,17.4,48.7,56.1,Low
Bengaluru,Rural,11,30.2,62.0,70.9,Low
Lucknow,Urban,4,38.5,42.7,28.2,Low
Patna,Urban,10,28.4,60.9,13.9,Low
Lucknow,Urban,1,14.0,53.7,20.4,Low
Chennai,Urban,5,31.0,64.0,57.7,Medium
Chennai,Urban,3,32.2,57.2,12.8,Medium
Bengaluru,Urban,11,32.1,77.1,2.2,Low
Nagpur,Rural,11,26.4,64.4,172.8,Low
Mumbai,Rural,7,26.1,85.1,285.2,High
Lucknow,Rural,8,29.7,90.8,410.4,High
Delhi,Rural,9,30.1,91.5,107.2,Medium
Nagpur,Rural,4,33.7,61.4,104.7,Low
Lucknow,Rural,1,12.3,56.1,22.0,Low
Bengaluru,Rural,7,26.7,76.0,358.5,High
Delhi,Rural,6,27.3,80.1,181.2,Medium
Pune,Rural,12,10.7,66.8,14.9,Low
Pune,Urban,12,12.7,56.2,53.6,Low
Lucknow,Urban,12,25.6,59.5,2.4,Low
Mumbai,Urban,10,33.7,70.5,158.8,High
Pune,Rural,11,30.5,61.9,4.0,Medium
Kolkata,Urban,7,31.7,89.4,274.1,High
Nagpur,Urban,12,25.2,51.1,28.4,Low
Chennai,Rural,12,23.1,43.0,30.1,Low
Chennai,Urban,11,24.0,45.2,37.3,Low
Delhi,Rural,5,33.0,69.0,76.2,Medium
Ranchi,Urban,12,16.2,37.7,17.3,Low
Lucknow,Rural,11,28.3,66.7,85.6,Medium
Bengaluru,Rural,6,26.8,80.0,237.1,High
Ranchi,Urban,11,25.5,61.1,118.9,Low
Pune,Rural,9,31.9,70.2,334.3,High
Kolkata,Rural,6,27.6,80.6,133.0,High
Nagpur,Rural,10,26.0,84.8,4.2,Medium
Patna,Rural,4,31.9,58.1,45.4,Medium
Pune,Urban,7,25.7,94.8,274.1,High
Delhi,Rural,9,27.3,88.3,222.2,High
Bengaluru,Rural,11,21.5,80.4,172.8,Medium
Bengaluru,Rural,4,38.2,56.3,55.7,Medium
Lucknow,Urban,3,32.2,35.1,99.6,Low
Delhi,Urban,7,28.6,79.3,222.2,High
Mumbai,Urban,3,34.9,56.6,9.7,Low
Chennai,Urban,6,28.9,72.5,292.7,High
Bengaluru,Urban,12,21.4,69.0,23.4,Low
Ranchi,Urban,8,27.0,91.6,139.6,High
Ranchi,Rural,3,30.8,73.5,24.8,Low
Ranchi,Rural,4,37.4,76.8,60.0,Medium
Nagpur,Rural,3,30.2,66.0,8.4,Medium
Chennai,Rural,7,24.6,79.3,168.4,High
Pune,Urban,8,27.8,87.6,179.6,High
Mumbai,Rural,7,29.7,81.8,300.9,High
Pune,Urban,3,38.0,67.6,69.6,Medium
Delhi,Rural,7,29.3,71.8,162.6,High
Kolkata,Urban,6,29.1,70.0,385.7,High
Ranchi,Rural,6,26.4,80.0,347.7,High
Nagpur,Rural,10,20.5,50.6,93.9,Low
Bengaluru,Rural,12,15.5,75.6,9.5,Low
Lucknow,Rural,11,24.1,74.7,125.1,Medium
Kolkata,Rural,5,35.3,36.2,25.4,Low
Nagpur,Urban,5,31.7,56.9,104.4,Medium
Lucknow,Urban,6,29.2,83.9,250.4,High
Chennai,Rural,11,22.4,66.0,31.6,Low
Mumbai,Urban,6,25.8,73.6,131.0,High
Pune,Urban,6,28.0,83.4,297.1,High
Patna,Urban,12,13.8,63.6,23.9,Low
Bengaluru,Urban,5,34.2,58.0,89.0,Medium
Mumbai,Rural,10,27.3,54.8,143.5,Medium
Ranchi,Urban,12,23.6,42.6,58.8,Low
Kolkata,Urban,12,13.6,70.7,3.8,Low
Patna,Rural,1,13.9,45.5,45.7,Low
Pune,Urban,6,30.3,70.0,242.6,High
Lucknow,Urban,2,20.3,44.2,29.2,Low
Nagpur,Rural,2,23.7,54.0,38.6,Low
Nagpur,Rural,1,14.8,52.5,16.2,Low
Bengaluru,Rural,9,26.3,85.4,169.8,High
Bengaluru,Rural,11,27.9,57.4,79.2,Medium
Delhi,Rural,1,16.1,76.9,28.2,Low
Pune,Rural,11,24.3,82.0,79.8,Medium
Patna,Urban,4,37.1,67.8,25.6,Medium
Bengaluru,Rural,2,23.0,74.9,12.6,Low
Bengaluru,Urban,4,37.0,68.8,102.3,Medium
Delhi,Rural,9,31.8,85.6,348.2,High
Kolkata,Urban,5,33.1,71.8,36.4,Medium
Bengaluru,Rural,12,16.0,48.2,33.8,Low
Mumbai,Rural,1,28.4,50.2,48.3,Medium
Kolkata,Urban,12,13.8,63.5,15.4,Low
Mumbai,Rural,7,30.3,76.8,270.4,High
Ranchi,Rural,5,28.4,45.5,39.1,Low
Nagpur,Rural,1,24.8,51.8,57.6,Low
Ranchi,Rural,10,28.2,47.4,10.1,Low
Patna,Rural,8,31.4,71.0,125.7,High
Bengaluru,Rural,3,38.4,60.4,68.9,Medium
Lucknow,Urban,6,28.6,88.6,168.6,High
Kolkata,Urban,3,37.0,37.9,94.3,Low
Bengaluru,Rural,8,30.0,73.8,189.2,High
Bengaluru,Rural,4,35.8,65.3,30.6,Medium
Mumbai,Urban,2,22.2,53.4,48.4,Low
Patna,Urban,9,27.0,83.3,418.5,High
Bengaluru,Rural,5,34.5,62.3,88.1,Medium
Patna,Urban,9,25.3,81.9,369.5,High
Lucknow,Urban,2,24.6,53.5,16.6,Low
Delhi,Rural,2,13.5,59.7,27.2,Low